county,office,district,party,precinct,Attribute,Value
Sanpete,President,,Democrat,AXTSSD,JULIAN CASTRO,0
Sanpete,President,,Democrat,AXTSSD,ANDREW YAN,0
Sanpete,President,,Democrat,AXTSSD,CORY BOOKER,0
Sanpete,President,,Democrat,AXTSSD,PETE BUTTIGIEG,0
Sanpete,President,,Democrat,AXTSSD,NATHAN BLOXHAM,0
Sanpete,President,,Democrat,AXTSSD,MICHAEL R. BLOOMBERG,3
Sanpete,President,,Democrat,AXTSSD,Withdrawn,0
Sanpete,President,,Democrat,AXTSSD,JOSEPH R. BIDEN,1
Sanpete,President,,Democrat,AXTSSD,BERNIE SANDERS,0
Sanpete,President,,Democrat,AXTSSD,TOM STEYER,0
Sanpete,President,,Democrat,AXTSSD,ELIZABETH WARREN,0
Sanpete,President,,Democrat,AXTSSD,MARIANNE WILLIAMSON,0
Sanpete,President,,Democrat,AXTSSD,TULSI GABBARD,0
Sanpete,President,,Democrat,AXTSSD,AMY KLOBUCHAR,0
Sanpete,President,,Democrat,AXTSSD,DEVAL PATRICK,0
Sanpete,President,,Democrat,AXTSSD,ROQUE DE LA FUENTE,0
Sanpete,President,,Democrat,AXTU,JULIAN CASTRO,0
Sanpete,President,,Democrat,AXTU,ANDREW YAN,0
Sanpete,President,,Democrat,AXTU,CORY BOOKER,0
Sanpete,President,,Democrat,AXTU,PETE BUTTIGIEG,0
Sanpete,President,,Democrat,AXTU,NATHAN BLOXHAM,0
Sanpete,President,,Democrat,AXTU,MICHAEL R. BLOOMBERG,0
Sanpete,President,,Democrat,AXTU,Withdrawn,0
Sanpete,President,,Democrat,AXTU,JOSEPH R. BIDEN,0
Sanpete,President,,Democrat,AXTU,BERNIE SANDERS,2
Sanpete,President,,Democrat,AXTU,TOM STEYER,0
Sanpete,President,,Democrat,AXTU,ELIZABETH WARREN,0
Sanpete,President,,Democrat,AXTU,MARIANNE WILLIAMSON,0
Sanpete,President,,Democrat,AXTU,TULSI GABBARD,0
Sanpete,President,,Democrat,AXTU,AMY KLOBUCHAR,0
Sanpete,President,,Democrat,AXTU,DEVAL PATRICK,0
Sanpete,President,,Democrat,AXTU,ROQUE DE LA FUENTE,0
Sanpete,President,,Democrat,CENM,JULIAN CASTRO,0
Sanpete,President,,Democrat,CENM,ANDREW YAN,0
Sanpete,President,,Democrat,CENM,CORY BOOKER,0
Sanpete,President,,Democrat,CENM,PETE BUTTIGIEG,2
Sanpete,President,,Democrat,CENM,NATHAN BLOXHAM,0
Sanpete,President,,Democrat,CENM,MICHAEL R. BLOOMBERG,1
Sanpete,President,,Democrat,CENM,Withdrawn,1
Sanpete,President,,Democrat,CENM,JOSEPH R. BIDEN,4
Sanpete,President,,Democrat,CENM,BERNIE SANDERS,6
Sanpete,President,,Democrat,CENM,TOM STEYER,0
Sanpete,President,,Democrat,CENM,ELIZABETH WARREN,1
Sanpete,President,,Democrat,CENM,MARIANNE WILLIAMSON,0
Sanpete,President,,Democrat,CENM,TULSI GABBARD,0
Sanpete,President,,Democrat,CENM,AMY KLOBUCHAR,0
Sanpete,President,,Democrat,CENM,DEVAL PATRICK,0
Sanpete,President,,Democrat,CENM,ROQUE DE LA FUENTE,0
Sanpete,President,,Democrat,EPH1M,JULIAN CASTRO,0
Sanpete,President,,Democrat,EPH1M,ANDREW YAN,0
Sanpete,President,,Democrat,EPH1M,CORY BOOKER,0
Sanpete,President,,Democrat,EPH1M,PETE BUTTIGIEG,5
Sanpete,President,,Democrat,EPH1M,NATHAN BLOXHAM,0
Sanpete,President,,Democrat,EPH1M,MICHAEL R. BLOOMBERG,7
Sanpete,President,,Democrat,EPH1M,Withdrawn,0
Sanpete,President,,Democrat,EPH1M,JOSEPH R. BIDEN,5
Sanpete,President,,Democrat,EPH1M,BERNIE SANDERS,21
Sanpete,President,,Democrat,EPH1M,TOM STEYER,0
Sanpete,President,,Democrat,EPH1M,ELIZABETH WARREN,5
Sanpete,President,,Democrat,EPH1M,MARIANNE WILLIAMSON,0
Sanpete,President,,Democrat,EPH1M,TULSI GABBARD,0
Sanpete,President,,Democrat,EPH1M,AMY KLOBUCHAR,3
Sanpete,President,,Democrat,EPH1M,DEVAL PATRICK,0
Sanpete,President,,Democrat,EPH1M,ROQUE DE LA FUENTE,0
Sanpete,President,,Democrat,EPH2M,JULIAN CASTRO,0
Sanpete,President,,Democrat,EPH2M,ANDREW YAN,0
Sanpete,President,,Democrat,EPH2M,CORY BOOKER,0
Sanpete,President,,Democrat,EPH2M,PETE BUTTIGIEG,3
Sanpete,President,,Democrat,EPH2M,NATHAN BLOXHAM,0
Sanpete,President,,Democrat,EPH2M,MICHAEL R. BLOOMBERG,5
Sanpete,President,,Democrat,EPH2M,Withdrawn,0
Sanpete,President,,Democrat,EPH2M,JOSEPH R. BIDEN,9
Sanpete,President,,Democrat,EPH2M,BERNIE SANDERS,13
Sanpete,President,,Democrat,EPH2M,TOM STEYER,0
Sanpete,President,,Democrat,EPH2M,ELIZABETH WARREN,2
Sanpete,President,,Democrat,EPH2M,MARIANNE WILLIAMSON,0
Sanpete,President,,Democrat,EPH2M,TULSI GABBARD,0
Sanpete,President,,Democrat,EPH2M,AMY KLOBUCHAR,2
Sanpete,President,,Democrat,EPH2M,DEVAL PATRICK,0
Sanpete,President,,Democrat,EPH2M,ROQUE DE LA FUENTE,0
Sanpete,President,,Democrat,EPH3M,JULIAN CASTRO,0
Sanpete,President,,Democrat,EPH3M,ANDREW YAN,0
Sanpete,President,,Democrat,EPH3M,CORY BOOKER,0
Sanpete,President,,Democrat,EPH3M,PETE BUTTIGIEG,7
Sanpete,President,,Democrat,EPH3M,NATHAN BLOXHAM,0
Sanpete,President,,Democrat,EPH3M,MICHAEL R. BLOOMBERG,2
Sanpete,President,,Democrat,EPH3M,Withdrawn,0
Sanpete,President,,Democrat,EPH3M,JOSEPH R. BIDEN,15
Sanpete,President,,Democrat,EPH3M,BERNIE SANDERS,12
Sanpete,President,,Democrat,EPH3M,TOM STEYER,0
Sanpete,President,,Democrat,EPH3M,ELIZABETH WARREN,11
Sanpete,President,,Democrat,EPH3M,MARIANNE WILLIAMSON,0
Sanpete,President,,Democrat,EPH3M,TULSI GABBARD,1
Sanpete,President,,Democrat,EPH3M,AMY KLOBUCHAR,0
Sanpete,President,,Democrat,EPH3M,DEVAL PATRICK,0
Sanpete,President,,Democrat,EPH3M,ROQUE DE LA FUENTE,1
Sanpete,President,,Democrat,EPHU,JULIAN CASTRO,0
Sanpete,President,,Democrat,EPHU,ANDREW YAN,0
Sanpete,President,,Democrat,EPHU,CORY BOOKER,0
Sanpete,President,,Democrat,EPHU,PETE BUTTIGIEG,1
Sanpete,President,,Democrat,EPHU,NATHAN BLOXHAM,0
Sanpete,President,,Democrat,EPHU,MICHAEL R. BLOOMBERG,0
Sanpete,President,,Democrat,EPHU,Withdrawn,0
Sanpete,President,,Democrat,EPHU,JOSEPH R. BIDEN,1
Sanpete,President,,Democrat,EPHU,BERNIE SANDERS,1
Sanpete,President,,Democrat,EPHU,TOM STEYER,0
Sanpete,President,,Democrat,EPHU,ELIZABETH WARREN,1
Sanpete,President,,Democrat,EPHU,MARIANNE WILLIAMSON,0
Sanpete,President,,Democrat,EPHU,TULSI GABBARD,1
Sanpete,President,,Democrat,EPHU,AMY KLOBUCHAR,1
Sanpete,President,,Democrat,EPHU,DEVAL PATRICK,0
Sanpete,President,,Democrat,EPHU,ROQUE DE LA FUENTE,0
Sanpete,President,,Democrat,FAYM,JULIAN CASTRO,0
Sanpete,President,,Democrat,FAYM,ANDREW YAN,0
Sanpete,President,,Democrat,FAYM,CORY BOOKER,0
Sanpete,President,,Democrat,FAYM,PETE BUTTIGIEG,0
Sanpete,President,,Democrat,FAYM,NATHAN BLOXHAM,0
Sanpete,President,,Democrat,FAYM,MICHAEL R. BLOOMBERG,2
Sanpete,President,,Democrat,FAYM,Withdrawn,0
Sanpete,President,,Democrat,FAYM,JOSEPH R. BIDEN,2
Sanpete,President,,Democrat,FAYM,BERNIE SANDERS,1
Sanpete,President,,Democrat,FAYM,TOM STEYER,0
Sanpete,President,,Democrat,FAYM,ELIZABETH WARREN,0
Sanpete,President,,Democrat,FAYM,MARIANNE WILLIAMSON,0
Sanpete,President,,Democrat,FAYM,TULSI GABBARD,0
Sanpete,President,,Democrat,FAYM,AMY KLOBUCHAR,0
Sanpete,President,,Democrat,FAYM,DEVAL PATRICK,0
Sanpete,President,,Democrat,FAYM,ROQUE DE LA FUENTE,0
Sanpete,President,,Democrat,FRVM,JULIAN CASTRO,0
Sanpete,President,,Democrat,FRVM,ANDREW YAN,0
Sanpete,President,,Democrat,FRVM,CORY BOOKER,0
Sanpete,President,,Democrat,FRVM,PETE BUTTIGIEG,2
Sanpete,President,,Democrat,FRVM,NATHAN BLOXHAM,0
Sanpete,President,,Democrat,FRVM,MICHAEL R. BLOOMBERG,0
Sanpete,President,,Democrat,FRVM,Withdrawn,0
Sanpete,President,,Democrat,FRVM,JOSEPH R. BIDEN,1
Sanpete,President,,Democrat,FRVM,BERNIE SANDERS,4
Sanpete,President,,Democrat,FRVM,TOM STEYER,2
Sanpete,President,,Democrat,FRVM,ELIZABETH WARREN,2
Sanpete,President,,Democrat,FRVM,MARIANNE WILLIAMSON,0
Sanpete,President,,Democrat,FRVM,TULSI GABBARD,0
Sanpete,President,,Democrat,FRVM,AMY KLOBUCHAR,1
Sanpete,President,,Democrat,FRVM,DEVAL PATRICK,0
Sanpete,President,,Democrat,FRVM,ROQUE DE LA FUENTE,0
Sanpete,President,,Democrat,FRVU,JULIAN CASTRO,0
Sanpete,President,,Democrat,FRVU,ANDREW YAN,0
Sanpete,President,,Democrat,FRVU,CORY BOOKER,0
Sanpete,President,,Democrat,FRVU,PETE BUTTIGIEG,5
Sanpete,President,,Democrat,FRVU,NATHAN BLOXHAM,0
Sanpete,President,,Democrat,FRVU,MICHAEL R. BLOOMBERG,4
Sanpete,President,,Democrat,FRVU,Withdrawn,0
Sanpete,President,,Democrat,FRVU,JOSEPH R. BIDEN,3
Sanpete,President,,Democrat,FRVU,BERNIE SANDERS,19
Sanpete,President,,Democrat,FRVU,TOM STEYER,0
Sanpete,President,,Democrat,FRVU,ELIZABETH WARREN,6
Sanpete,President,,Democrat,FRVU,MARIANNE WILLIAMSON,0
Sanpete,President,,Democrat,FRVU,TULSI GABBARD,2
Sanpete,President,,Democrat,FRVU,AMY KLOBUCHAR,4
Sanpete,President,,Democrat,FRVU,DEVAL PATRICK,0
Sanpete,President,,Democrat,FRVU,ROQUE DE LA FUENTE,0
Sanpete,President,,Democrat,FTGM,JULIAN CASTRO,0
Sanpete,President,,Democrat,FTGM,ANDREW YAN,0
Sanpete,President,,Democrat,FTGM,CORY BOOKER,0
Sanpete,President,,Democrat,FTGM,PETE BUTTIGIEG,0
Sanpete,President,,Democrat,FTGM,NATHAN BLOXHAM,0
Sanpete,President,,Democrat,FTGM,MICHAEL R. BLOOMBERG,3
Sanpete,President,,Democrat,FTGM,Withdrawn,0
Sanpete,President,,Democrat,FTGM,JOSEPH R. BIDEN,2
Sanpete,President,,Democrat,FTGM,BERNIE SANDERS,8
Sanpete,President,,Democrat,FTGM,TOM STEYER,0
Sanpete,President,,Democrat,FTGM,ELIZABETH WARREN,4
Sanpete,President,,Democrat,FTGM,MARIANNE WILLIAMSON,0
Sanpete,President,,Democrat,FTGM,TULSI GABBARD,0
Sanpete,President,,Democrat,FTGM,AMY KLOBUCHAR,2
Sanpete,President,,Democrat,FTGM,DEVAL PATRICK,0
Sanpete,President,,Democrat,FTGM,ROQUE DE LA FUENTE,0
Sanpete,President,,Democrat,GUNM,JULIAN CASTRO,0
Sanpete,President,,Democrat,GUNM,ANDREW YAN,0
Sanpete,President,,Democrat,GUNM,CORY BOOKER,0
Sanpete,President,,Democrat,GUNM,PETE BUTTIGIEG,2
Sanpete,President,,Democrat,GUNM,NATHAN BLOXHAM,1
Sanpete,President,,Democrat,GUNM,MICHAEL R. BLOOMBERG,5
Sanpete,President,,Democrat,GUNM,Withdrawn,0
Sanpete,President,,Democrat,GUNM,JOSEPH R. BIDEN,7
Sanpete,President,,Democrat,GUNM,BERNIE SANDERS,7
Sanpete,President,,Democrat,GUNM,TOM STEYER,0
Sanpete,President,,Democrat,GUNM,ELIZABETH WARREN,1
Sanpete,President,,Democrat,GUNM,MARIANNE WILLIAMSON,0
Sanpete,President,,Democrat,GUNM,TULSI GABBARD,0
Sanpete,President,,Democrat,GUNM,AMY KLOBUCHAR,2
Sanpete,President,,Democrat,GUNM,DEVAL PATRICK,0
Sanpete,President,,Democrat,GUNM,ROQUE DE LA FUENTE,0
Sanpete,President,,Democrat,MAN1M,JULIAN CASTRO,0
Sanpete,President,,Democrat,MAN1M,ANDREW YAN,1
Sanpete,President,,Democrat,MAN1M,CORY BOOKER,0
Sanpete,President,,Democrat,MAN1M,PETE BUTTIGIEG,4
Sanpete,President,,Democrat,MAN1M,NATHAN BLOXHAM,0
Sanpete,President,,Democrat,MAN1M,MICHAEL R. BLOOMBERG,5
Sanpete,President,,Democrat,MAN1M,Withdrawn,0
Sanpete,President,,Democrat,MAN1M,JOSEPH R. BIDEN,2
Sanpete,President,,Democrat,MAN1M,BERNIE SANDERS,8
Sanpete,President,,Democrat,MAN1M,TOM STEYER,2
Sanpete,President,,Democrat,MAN1M,ELIZABETH WARREN,6
Sanpete,President,,Democrat,MAN1M,MARIANNE WILLIAMSON,0
Sanpete,President,,Democrat,MAN1M,TULSI GABBARD,1
Sanpete,President,,Democrat,MAN1M,AMY KLOBUCHAR,0
Sanpete,President,,Democrat,MAN1M,DEVAL PATRICK,0
Sanpete,President,,Democrat,MAN1M,ROQUE DE LA FUENTE,0
Sanpete,President,,Democrat,MAN2M,JULIAN CASTRO,0
Sanpete,President,,Democrat,MAN2M,ANDREW YAN,0
Sanpete,President,,Democrat,MAN2M,CORY BOOKER,0
Sanpete,President,,Democrat,MAN2M,PETE BUTTIGIEG,3
Sanpete,President,,Democrat,MAN2M,NATHAN BLOXHAM,0
Sanpete,President,,Democrat,MAN2M,MICHAEL R. BLOOMBERG,4
Sanpete,President,,Democrat,MAN2M,Withdrawn,1
Sanpete,President,,Democrat,MAN2M,JOSEPH R. BIDEN,2
Sanpete,President,,Democrat,MAN2M,BERNIE SANDERS,9
Sanpete,President,,Democrat,MAN2M,TOM STEYER,0
Sanpete,President,,Democrat,MAN2M,ELIZABETH WARREN,5
Sanpete,President,,Democrat,MAN2M,MARIANNE WILLIAMSON,0
Sanpete,President,,Democrat,MAN2M,TULSI GABBARD,0
Sanpete,President,,Democrat,MAN2M,AMY KLOBUCHAR,2
Sanpete,President,,Democrat,MAN2M,DEVAL PATRICK,0
Sanpete,President,,Democrat,MAN2M,ROQUE DE LA FUENTE,0
Sanpete,President,,Democrat,MANU,JULIAN CASTRO,0
Sanpete,President,,Democrat,MANU,ANDREW YAN,0
Sanpete,President,,Democrat,MANU,CORY BOOKER,0
Sanpete,President,,Democrat,MANU,PETE BUTTIGIEG,2
Sanpete,President,,Democrat,MANU,NATHAN BLOXHAM,0
Sanpete,President,,Democrat,MANU,MICHAEL R. BLOOMBERG,0
Sanpete,President,,Democrat,MANU,Withdrawn,0
Sanpete,President,,Democrat,MANU,JOSEPH R. BIDEN,0
Sanpete,President,,Democrat,MANU,BERNIE SANDERS,1
Sanpete,President,,Democrat,MANU,TOM STEYER,0
Sanpete,President,,Democrat,MANU,ELIZABETH WARREN,0
Sanpete,President,,Democrat,MANU,MARIANNE WILLIAMSON,0
Sanpete,President,,Democrat,MANU,TULSI GABBARD,0
Sanpete,President,,Democrat,MANU,AMY KLOBUCHAR,0
Sanpete,President,,Democrat,MANU,DEVAL PATRICK,0
Sanpete,President,,Democrat,MANU,ROQUE DE LA FUENTE,0
Sanpete,President,,Democrat,MAYM,JULIAN CASTRO,0
Sanpete,President,,Democrat,MAYM,ANDREW YAN,0
Sanpete,President,,Democrat,MAYM,CORY BOOKER,0
Sanpete,President,,Democrat,MAYM,PETE BUTTIGIEG,1
Sanpete,President,,Democrat,MAYM,NATHAN BLOXHAM,0
Sanpete,President,,Democrat,MAYM,MICHAEL R. BLOOMBERG,10
Sanpete,President,,Democrat,MAYM,Withdrawn,0
Sanpete,President,,Democrat,MAYM,JOSEPH R. BIDEN,3
Sanpete,President,,Democrat,MAYM,BERNIE SANDERS,4
Sanpete,President,,Democrat,MAYM,TOM STEYER,0
Sanpete,President,,Democrat,MAYM,ELIZABETH WARREN,0
Sanpete,President,,Democrat,MAYM,MARIANNE WILLIAMSON,0
Sanpete,President,,Democrat,MAYM,TULSI GABBARD,1
Sanpete,President,,Democrat,MAYM,AMY KLOBUCHAR,1
Sanpete,President,,Democrat,MAYM,DEVAL PATRICK,0
Sanpete,President,,Democrat,MAYM,ROQUE DE LA FUENTE,0
Sanpete,President,,Democrat,MORM,JULIAN CASTRO,0
Sanpete,President,,Democrat,MORM,ANDREW YAN,1
Sanpete,President,,Democrat,MORM,CORY BOOKER,0
Sanpete,President,,Democrat,MORM,PETE BUTTIGIEG,1
Sanpete,President,,Democrat,MORM,NATHAN BLOXHAM,0
Sanpete,President,,Democrat,MORM,MICHAEL R. BLOOMBERG,4
Sanpete,President,,Democrat,MORM,Withdrawn,0
Sanpete,President,,Democrat,MORM,JOSEPH R. BIDEN,0
Sanpete,President,,Democrat,MORM,BERNIE SANDERS,3
Sanpete,President,,Democrat,MORM,TOM STEYER,0
Sanpete,President,,Democrat,MORM,ELIZABETH WARREN,0
Sanpete,President,,Democrat,MORM,MARIANNE WILLIAMSON,0
Sanpete,President,,Democrat,MORM,TULSI GABBARD,1
Sanpete,President,,Democrat,MORM,AMY KLOBUCHAR,1
Sanpete,President,,Democrat,MORM,DEVAL PATRICK,0
Sanpete,President,,Democrat,MORM,ROQUE DE LA FUENTE,0
Sanpete,President,,Democrat,MORU,JULIAN CASTRO,0
Sanpete,President,,Democrat,MORU,ANDREW YAN,0
Sanpete,President,,Democrat,MORU,CORY BOOKER,0
Sanpete,President,,Democrat,MORU,PETE BUTTIGIEG,0
Sanpete,President,,Democrat,MORU,NATHAN BLOXHAM,0
Sanpete,President,,Democrat,MORU,MICHAEL R. BLOOMBERG,0
Sanpete,President,,Democrat,MORU,Withdrawn,0
Sanpete,President,,Democrat,MORU,JOSEPH R. BIDEN,4
Sanpete,President,,Democrat,MORU,BERNIE SANDERS,1
Sanpete,President,,Democrat,MORU,TOM STEYER,0
Sanpete,President,,Democrat,MORU,ELIZABETH WARREN,1
Sanpete,President,,Democrat,MORU,MARIANNE WILLIAMSON,0
Sanpete,President,,Democrat,MORU,TULSI GABBARD,0
Sanpete,President,,Democrat,MORU,AMY KLOBUCHAR,0
Sanpete,President,,Democrat,MORU,DEVAL PATRICK,0
Sanpete,President,,Democrat,MORU,ROQUE DE LA FUENTE,0
Sanpete,President,,Democrat,MTP1M,JULIAN CASTRO,0
Sanpete,President,,Democrat,MTP1M,ANDREW YAN,0
Sanpete,President,,Democrat,MTP1M,CORY BOOKER,0
Sanpete,President,,Democrat,MTP1M,PETE BUTTIGIEG,6
Sanpete,President,,Democrat,MTP1M,NATHAN BLOXHAM,0
Sanpete,President,,Democrat,MTP1M,MICHAEL R. BLOOMBERG,9
Sanpete,President,,Democrat,MTP1M,Withdrawn,0
Sanpete,President,,Democrat,MTP1M,JOSEPH R. BIDEN,14
Sanpete,President,,Democrat,MTP1M,BERNIE SANDERS,21
Sanpete,President,,Democrat,MTP1M,TOM STEYER,0
Sanpete,President,,Democrat,MTP1M,ELIZABETH WARREN,14
Sanpete,President,,Democrat,MTP1M,MARIANNE WILLIAMSON,0
Sanpete,President,,Democrat,MTP1M,TULSI GABBARD,0
Sanpete,President,,Democrat,MTP1M,AMY KLOBUCHAR,3
Sanpete,President,,Democrat,MTP1M,DEVAL PATRICK,0
Sanpete,President,,Democrat,MTP1M,ROQUE DE LA FUENTE,0
Sanpete,President,,Democrat,MTP1U,JULIAN CASTRO,0
Sanpete,President,,Democrat,MTP1U,ANDREW YAN,1
Sanpete,President,,Democrat,MTP1U,CORY BOOKER,0
Sanpete,President,,Democrat,MTP1U,PETE BUTTIGIEG,1
Sanpete,President,,Democrat,MTP1U,NATHAN BLOXHAM,0
Sanpete,President,,Democrat,MTP1U,MICHAEL R. BLOOMBERG,1
Sanpete,President,,Democrat,MTP1U,Withdrawn,0
Sanpete,President,,Democrat,MTP1U,JOSEPH R. BIDEN,0
Sanpete,President,,Democrat,MTP1U,BERNIE SANDERS,5
Sanpete,President,,Democrat,MTP1U,TOM STEYER,0
Sanpete,President,,Democrat,MTP1U,ELIZABETH WARREN,2
Sanpete,President,,Democrat,MTP1U,MARIANNE WILLIAMSON,0
Sanpete,President,,Democrat,MTP1U,TULSI GABBARD,0
Sanpete,President,,Democrat,MTP1U,AMY KLOBUCHAR,0
Sanpete,President,,Democrat,MTP1U,DEVAL PATRICK,0
Sanpete,President,,Democrat,MTP1U,ROQUE DE LA FUENTE,0
Sanpete,President,,Democrat,MTP2M,JULIAN CASTRO,0
Sanpete,President,,Democrat,MTP2M,ANDREW YAN,0
Sanpete,President,,Democrat,MTP2M,CORY BOOKER,0
Sanpete,President,,Democrat,MTP2M,PETE BUTTIGIEG,3
Sanpete,President,,Democrat,MTP2M,NATHAN BLOXHAM,0
Sanpete,President,,Democrat,MTP2M,MICHAEL R. BLOOMBERG,7
Sanpete,President,,Democrat,MTP2M,Withdrawn,0
Sanpete,President,,Democrat,MTP2M,JOSEPH R. BIDEN,4
Sanpete,President,,Democrat,MTP2M,BERNIE SANDERS,8
Sanpete,President,,Democrat,MTP2M,TOM STEYER,0
Sanpete,President,,Democrat,MTP2M,ELIZABETH WARREN,1
Sanpete,President,,Democrat,MTP2M,MARIANNE WILLIAMSON,1
Sanpete,President,,Democrat,MTP2M,TULSI GABBARD,0
Sanpete,President,,Democrat,MTP2M,AMY KLOBUCHAR,1
Sanpete,President,,Democrat,MTP2M,DEVAL PATRICK,0
Sanpete,President,,Democrat,MTP2M,ROQUE DE LA FUENTE,0
Sanpete,President,,Democrat,MTP2U,JULIAN CASTRO,0
Sanpete,President,,Democrat,MTP2U,ANDREW YAN,0
Sanpete,President,,Democrat,MTP2U,CORY BOOKER,0
Sanpete,President,,Democrat,MTP2U,PETE BUTTIGIEG,0
Sanpete,President,,Democrat,MTP2U,NATHAN BLOXHAM,0
Sanpete,President,,Democrat,MTP2U,MICHAEL R. BLOOMBERG,2
Sanpete,President,,Democrat,MTP2U,Withdrawn,0
Sanpete,President,,Democrat,MTP2U,JOSEPH R. BIDEN,5
Sanpete,President,,Democrat,MTP2U,BERNIE SANDERS,2
Sanpete,President,,Democrat,MTP2U,TOM STEYER,0
Sanpete,President,,Democrat,MTP2U,ELIZABETH WARREN,1
Sanpete,President,,Democrat,MTP2U,MARIANNE WILLIAMSON,0
Sanpete,President,,Democrat,MTP2U,TULSI GABBARD,0
Sanpete,President,,Democrat,MTP2U,AMY KLOBUCHAR,0
Sanpete,President,,Democrat,MTP2U,DEVAL PATRICK,0
Sanpete,President,,Democrat,MTP2U,ROQUE DE LA FUENTE,0
Sanpete,President,,Democrat,MTP3U,JULIAN CASTRO,0
Sanpete,President,,Democrat,MTP3U,ANDREW YAN,0
Sanpete,President,,Democrat,MTP3U,CORY BOOKER,0
Sanpete,President,,Democrat,MTP3U,PETE BUTTIGIEG,1
Sanpete,President,,Democrat,MTP3U,NATHAN BLOXHAM,0
Sanpete,President,,Democrat,MTP3U,MICHAEL R. BLOOMBERG,0
Sanpete,President,,Democrat,MTP3U,Withdrawn,0
Sanpete,President,,Democrat,MTP3U,JOSEPH R. BIDEN,0
Sanpete,President,,Democrat,MTP3U,BERNIE SANDERS,1
Sanpete,President,,Democrat,MTP3U,TOM STEYER,0
Sanpete,President,,Democrat,MTP3U,ELIZABETH WARREN,0
Sanpete,President,,Democrat,MTP3U,MARIANNE WILLIAMSON,0
Sanpete,President,,Democrat,MTP3U,TULSI GABBARD,0
Sanpete,President,,Democrat,MTP3U,AMY KLOBUCHAR,0
Sanpete,President,,Democrat,MTP3U,DEVAL PATRICK,0
Sanpete,President,,Democrat,MTP3U,ROQUE DE LA FUENTE,0
Sanpete,President,,Democrat,NSU,JULIAN CASTRO,0
Sanpete,President,,Democrat,NSU,ANDREW YAN,0
Sanpete,President,,Democrat,NSU,CORY BOOKER,0
Sanpete,President,,Democrat,NSU,PETE BUTTIGIEG,0
Sanpete,President,,Democrat,NSU,NATHAN BLOXHAM,0
Sanpete,President,,Democrat,NSU,MICHAEL R. BLOOMBERG,1
Sanpete,President,,Democrat,NSU,Withdrawn,0
Sanpete,President,,Democrat,NSU,JOSEPH R. BIDEN,1
Sanpete,President,,Democrat,NSU,BERNIE SANDERS,7
Sanpete,President,,Democrat,NSU,TOM STEYER,1
Sanpete,President,,Democrat,NSU,ELIZABETH WARREN,1
Sanpete,President,,Democrat,NSU,MARIANNE WILLIAMSON,0
Sanpete,President,,Democrat,NSU,TULSI GABBARD,0
Sanpete,President,,Democrat,NSU,AMY KLOBUCHAR,1
Sanpete,President,,Democrat,NSU,DEVAL PATRICK,0
Sanpete,President,,Democrat,NSU,ROQUE DE LA FUENTE,0
Sanpete,President,,Democrat,SPRM,JULIAN CASTRO,0
Sanpete,President,,Democrat,SPRM,ANDREW YAN,1
Sanpete,President,,Democrat,SPRM,CORY BOOKER,0
Sanpete,President,,Democrat,SPRM,PETE BUTTIGIEG,7
Sanpete,President,,Democrat,SPRM,NATHAN BLOXHAM,0
Sanpete,President,,Democrat,SPRM,MICHAEL R. BLOOMBERG,12
Sanpete,President,,Democrat,SPRM,Withdrawn,0
Sanpete,President,,Democrat,SPRM,JOSEPH R. BIDEN,4
Sanpete,President,,Democrat,SPRM,BERNIE SANDERS,17
Sanpete,President,,Democrat,SPRM,TOM STEYER,0
Sanpete,President,,Democrat,SPRM,ELIZABETH WARREN,17
Sanpete,President,,Democrat,SPRM,MARIANNE WILLIAMSON,0
Sanpete,President,,Democrat,SPRM,TULSI GABBARD,0
Sanpete,President,,Democrat,SPRM,AMY KLOBUCHAR,2
Sanpete,President,,Democrat,SPRM,DEVAL PATRICK,0
Sanpete,President,,Democrat,SPRM,ROQUE DE LA FUENTE,0
Sanpete,President,,Democrat,SPRU,JULIAN CASTRO,0
Sanpete,President,,Democrat,SPRU,ANDREW YAN,0
Sanpete,President,,Democrat,SPRU,CORY BOOKER,0
Sanpete,President,,Democrat,SPRU,PETE BUTTIGIEG,0
Sanpete,President,,Democrat,SPRU,NATHAN BLOXHAM,0
Sanpete,President,,Democrat,SPRU,MICHAEL R. BLOOMBERG,0
Sanpete,President,,Democrat,SPRU,Withdrawn,0
Sanpete,President,,Democrat,SPRU,JOSEPH R. BIDEN,1
Sanpete,President,,Democrat,SPRU,BERNIE SANDERS,6
Sanpete,President,,Democrat,SPRU,TOM STEYER,0
Sanpete,President,,Democrat,SPRU,ELIZABETH WARREN,1
Sanpete,President,,Democrat,SPRU,MARIANNE WILLIAMSON,0
Sanpete,President,,Democrat,SPRU,TULSI GABBARD,1
Sanpete,President,,Democrat,SPRU,AMY KLOBUCHAR,1
Sanpete,President,,Democrat,SPRU,DEVAL PATRICK,0
Sanpete,President,,Democrat,SPRU,ROQUE DE LA FUENTE,0
Sanpete,President,,Democrat,SSU,JULIAN CASTRO,0
Sanpete,President,,Democrat,SSU,ANDREW YAN,0
Sanpete,President,,Democrat,SSU,CORY BOOKER,0
Sanpete,President,,Democrat,SSU,PETE BUTTIGIEG,0
Sanpete,President,,Democrat,SSU,NATHAN BLOXHAM,0
Sanpete,President,,Democrat,SSU,MICHAEL R. BLOOMBERG,0
Sanpete,President,,Democrat,SSU,Withdrawn,0
Sanpete,President,,Democrat,SSU,JOSEPH R. BIDEN,2
Sanpete,President,,Democrat,SSU,BERNIE SANDERS,5
Sanpete,President,,Democrat,SSU,TOM STEYER,0
Sanpete,President,,Democrat,SSU,ELIZABETH WARREN,0
Sanpete,President,,Democrat,SSU,MARIANNE WILLIAMSON,0
Sanpete,President,,Democrat,SSU,TULSI GABBARD,0
Sanpete,President,,Democrat,SSU,AMY KLOBUCHAR,3
Sanpete,President,,Democrat,SSU,DEVAL PATRICK,0
Sanpete,President,,Democrat,SSU,ROQUE DE LA FUENTE,0
Sanpete,President,,Democrat,STRM,JULIAN CASTRO,0
Sanpete,President,,Democrat,STRM,ANDREW YAN,0
Sanpete,President,,Democrat,STRM,CORY BOOKER,0
Sanpete,President,,Democrat,STRM,PETE BUTTIGIEG,0
Sanpete,President,,Democrat,STRM,NATHAN BLOXHAM,0
Sanpete,President,,Democrat,STRM,MICHAEL R. BLOOMBERG,2
Sanpete,President,,Democrat,STRM,Withdrawn,0
Sanpete,President,,Democrat,STRM,JOSEPH R. BIDEN,0
Sanpete,President,,Democrat,STRM,BERNIE SANDERS,0
Sanpete,President,,Democrat,STRM,TOM STEYER,0
Sanpete,President,,Democrat,STRM,ELIZABETH WARREN,0
Sanpete,President,,Democrat,STRM,MARIANNE WILLIAMSON,0
Sanpete,President,,Democrat,STRM,TULSI GABBARD,0
Sanpete,President,,Democrat,STRM,AMY KLOBUCHAR,0
Sanpete,President,,Democrat,STRM,DEVAL PATRICK,0
Sanpete,President,,Democrat,STRM,ROQUE DE LA FUENTE,0
Sanpete,President,,Democrat,WALM,JULIAN CASTRO,0
Sanpete,President,,Democrat,WALM,ANDREW YAN,0
Sanpete,President,,Democrat,WALM,CORY BOOKER,0
Sanpete,President,,Democrat,WALM,PETE BUTTIGIEG,0
Sanpete,President,,Democrat,WALM,NATHAN BLOXHAM,0
Sanpete,President,,Democrat,WALM,MICHAEL R. BLOOMBERG,0
Sanpete,President,,Democrat,WALM,Withdrawn,0
Sanpete,President,,Democrat,WALM,JOSEPH R. BIDEN,4
Sanpete,President,,Democrat,WALM,BERNIE SANDERS,6
Sanpete,President,,Democrat,WALM,TOM STEYER,0
Sanpete,President,,Democrat,WALM,ELIZABETH WARREN,1
Sanpete,President,,Democrat,WALM,MARIANNE WILLIAMSON,0
Sanpete,President,,Democrat,WALM,TULSI GABBARD,1
Sanpete,President,,Democrat,WALM,AMY KLOBUCHAR,0
Sanpete,President,,Democrat,WALM,DEVAL PATRICK,0
Sanpete,President,,Democrat,WALM,ROQUE DE LA FUENTE,0
Sanpete,President,,Republican,AXTSSD,ROBERT ARDINI,0
Sanpete,President,,Republican,AXTSSD,MATTHEW JOHN MALTERN,0
Sanpete,President,,Republican,AXTSSD,BOB ELY,0
Sanpete,President,,Republican,AXTSSD,JOE WALSH,0
Sanpete,President,,Republican,AXTSSD,BILL WELD,0
Sanpete,President,,Republican,AXTSSD,Withdrawn,0
Sanpete,President,,Republican,AXTSSD,DONALD J. TRUMP,45
Sanpete,President,,Republican,AXTU,ROBERT ARDINI,0
Sanpete,President,,Republican,AXTU,MATTHEW JOHN MALTERN,0
Sanpete,President,,Republican,AXTU,BOB ELY,0
Sanpete,President,,Republican,AXTU,JOE WALSH,1
Sanpete,President,,Republican,AXTU,BILL WELD,0
Sanpete,President,,Republican,AXTU,Withdrawn,0
Sanpete,President,,Republican,AXTU,DONALD J. TRUMP,15
Sanpete,President,,Republican,CENM,ROBERT ARDINI,1
Sanpete,President,,Republican,CENM,MATTHEW JOHN MALTERN,2
Sanpete,President,,Republican,CENM,BOB ELY,2
Sanpete,President,,Republican,CENM,JOE WALSH,1
Sanpete,President,,Republican,CENM,BILL WELD,0
Sanpete,President,,Republican,CENM,Withdrawn,0
Sanpete,President,,Republican,CENM,DONALD J. TRUMP,255
Sanpete,President,,Republican,EPH1M,ROBERT ARDINI,0
Sanpete,President,,Republican,EPH1M,MATTHEW JOHN MALTERN,4
Sanpete,President,,Republican,EPH1M,BOB ELY,0
Sanpete,President,,Republican,EPH1M,JOE WALSH,1
Sanpete,President,,Republican,EPH1M,BILL WELD,6
Sanpete,President,,Republican,EPH1M,Withdrawn,2
Sanpete,President,,Republican,EPH1M,DONALD J. TRUMP,241
Sanpete,President,,Republican,EPH2M,ROBERT ARDINI,0
Sanpete,President,,Republican,EPH2M,MATTHEW JOHN MALTERN,3
Sanpete,President,,Republican,EPH2M,BOB ELY,0
Sanpete,President,,Republican,EPH2M,JOE WALSH,2
Sanpete,President,,Republican,EPH2M,BILL WELD,21
Sanpete,President,,Republican,EPH2M,Withdrawn,1
Sanpete,President,,Republican,EPH2M,DONALD J. TRUMP,180
Sanpete,President,,Republican,EPH3M,ROBERT ARDINI,0
Sanpete,President,,Republican,EPH3M,MATTHEW JOHN MALTERN,0
Sanpete,President,,Republican,EPH3M,BOB ELY,0
Sanpete,President,,Republican,EPH3M,JOE WALSH,1
Sanpete,President,,Republican,EPH3M,BILL WELD,13
Sanpete,President,,Republican,EPH3M,Withdrawn,0
Sanpete,President,,Republican,EPH3M,DONALD J. TRUMP,223
Sanpete,President,,Republican,EPHU,ROBERT ARDINI,0
Sanpete,President,,Republican,EPHU,MATTHEW JOHN MALTERN,1
Sanpete,President,,Republican,EPHU,BOB ELY,0
Sanpete,President,,Republican,EPHU,JOE WALSH,1
Sanpete,President,,Republican,EPHU,BILL WELD,5
Sanpete,President,,Republican,EPHU,Withdrawn,0
Sanpete,President,,Republican,EPHU,DONALD J. TRUMP,48
Sanpete,President,,Republican,FAYM,ROBERT ARDINI,0
Sanpete,President,,Republican,FAYM,MATTHEW JOHN MALTERN,1
Sanpete,President,,Republican,FAYM,BOB ELY,0
Sanpete,President,,Republican,FAYM,JOE WALSH,2
Sanpete,President,,Republican,FAYM,BILL WELD,0
Sanpete,President,,Republican,FAYM,Withdrawn,0
Sanpete,President,,Republican,FAYM,DONALD J. TRUMP,59
Sanpete,President,,Republican,FRVM,ROBERT ARDINI,1
Sanpete,President,,Republican,FRVM,MATTHEW JOHN MALTERN,1
Sanpete,President,,Republican,FRVM,BOB ELY,0
Sanpete,President,,Republican,FRVM,JOE WALSH,4
Sanpete,President,,Republican,FRVM,BILL WELD,12
Sanpete,President,,Republican,FRVM,Withdrawn,2
Sanpete,President,,Republican,FRVM,DONALD J. TRUMP,268
Sanpete,President,,Republican,FRVU,ROBERT ARDINI,3
Sanpete,President,,Republican,FRVU,MATTHEW JOHN MALTERN,1
Sanpete,President,,Republican,FRVU,BOB ELY,0
Sanpete,President,,Republican,FRVU,JOE WALSH,1
Sanpete,President,,Republican,FRVU,BILL WELD,9
Sanpete,President,,Republican,FRVU,Withdrawn,1
Sanpete,President,,Republican,FRVU,DONALD J. TRUMP,281
Sanpete,President,,Republican,FTGM,ROBERT ARDINI,2
Sanpete,President,,Republican,FTGM,MATTHEW JOHN MALTERN,1
Sanpete,President,,Republican,FTGM,BOB ELY,0
Sanpete,President,,Republican,FTGM,JOE WALSH,4
Sanpete,President,,Republican,FTGM,BILL WELD,7
Sanpete,President,,Republican,FTGM,Withdrawn,0
Sanpete,President,,Republican,FTGM,DONALD J. TRUMP,243
Sanpete,President,,Republican,GUNM,ROBERT ARDINI,2
Sanpete,President,,Republican,GUNM,MATTHEW JOHN MALTERN,1
Sanpete,President,,Republican,GUNM,BOB ELY,1
Sanpete,President,,Republican,GUNM,JOE WALSH,10
Sanpete,President,,Republican,GUNM,BILL WELD,11
Sanpete,President,,Republican,GUNM,Withdrawn,0
Sanpete,President,,Republican,GUNM,DONALD J. TRUMP,338
Sanpete,President,,Republican,MAN1M,ROBERT ARDINI,1
Sanpete,President,,Republican,MAN1M,MATTHEW JOHN MALTERN,3
Sanpete,President,,Republican,MAN1M,BOB ELY,2
Sanpete,President,,Republican,MAN1M,JOE WALSH,8
Sanpete,President,,Republican,MAN1M,BILL WELD,26
Sanpete,President,,Republican,MAN1M,Withdrawn,2
Sanpete,President,,Republican,MAN1M,DONALD J. TRUMP,358
Sanpete,President,,Republican,MAN2M,ROBERT ARDINI,2
Sanpete,President,,Republican,MAN2M,MATTHEW JOHN MALTERN,3
Sanpete,President,,Republican,MAN2M,BOB ELY,2
Sanpete,President,,Republican,MAN2M,JOE WALSH,4
Sanpete,President,,Republican,MAN2M,BILL WELD,19
Sanpete,President,,Republican,MAN2M,Withdrawn,3
Sanpete,President,,Republican,MAN2M,DONALD J. TRUMP,356
Sanpete,President,,Republican,MANU,ROBERT ARDINI,0
Sanpete,President,,Republican,MANU,MATTHEW JOHN MALTERN,0
Sanpete,President,,Republican,MANU,BOB ELY,0
Sanpete,President,,Republican,MANU,JOE WALSH,0
Sanpete,President,,Republican,MANU,BILL WELD,0
Sanpete,President,,Republican,MANU,Withdrawn,0
Sanpete,President,,Republican,MANU,DONALD J. TRUMP,57
Sanpete,President,,Republican,MAYM,ROBERT ARDINI,1
Sanpete,President,,Republican,MAYM,MATTHEW JOHN MALTERN,0
Sanpete,President,,Republican,MAYM,BOB ELY,0
Sanpete,President,,Republican,MAYM,JOE WALSH,3
Sanpete,President,,Republican,MAYM,BILL WELD,7
Sanpete,President,,Republican,MAYM,Withdrawn,2
Sanpete,President,,Republican,MAYM,DONALD J. TRUMP,119
Sanpete,President,,Republican,MORM,ROBERT ARDINI,0
Sanpete,President,,Republican,MORM,MATTHEW JOHN MALTERN,2
Sanpete,President,,Republican,MORM,BOB ELY,2
Sanpete,President,,Republican,MORM,JOE WALSH,2
Sanpete,President,,Republican,MORM,BILL WELD,7
Sanpete,President,,Republican,MORM,Withdrawn,1
Sanpete,President,,Republican,MORM,DONALD J. TRUMP,250
Sanpete,President,,Republican,MORU,ROBERT ARDINI,0
Sanpete,President,,Republican,MORU,MATTHEW JOHN MALTERN,1
Sanpete,President,,Republican,MORU,BOB ELY,0
Sanpete,President,,Republican,MORU,JOE WALSH,1
Sanpete,President,,Republican,MORU,BILL WELD,1
Sanpete,President,,Republican,MORU,Withdrawn,0
Sanpete,President,,Republican,MORU,DONALD J. TRUMP,64
Sanpete,President,,Republican,MTP1M,ROBERT ARDINI,3
Sanpete,President,,Republican,MTP1M,MATTHEW JOHN MALTERN,2
Sanpete,President,,Republican,MTP1M,BOB ELY,1
Sanpete,President,,Republican,MTP1M,JOE WALSH,7
Sanpete,President,,Republican,MTP1M,BILL WELD,8
Sanpete,President,,Republican,MTP1M,Withdrawn,0
Sanpete,President,,Republican,MTP1M,DONALD J. TRUMP,327
Sanpete,President,,Republican,MTP1U,ROBERT ARDINI,0
Sanpete,President,,Republican,MTP1U,MATTHEW JOHN MALTERN,3
Sanpete,President,,Republican,MTP1U,BOB ELY,0
Sanpete,President,,Republican,MTP1U,JOE WALSH,0
Sanpete,President,,Republican,MTP1U,BILL WELD,4
Sanpete,President,,Republican,MTP1U,Withdrawn,0
Sanpete,President,,Republican,MTP1U,DONALD J. TRUMP,85
Sanpete,President,,Republican,MTP2M,ROBERT ARDINI,0
Sanpete,President,,Republican,MTP2M,MATTHEW JOHN MALTERN,2
Sanpete,President,,Republican,MTP2M,BOB ELY,0
Sanpete,President,,Republican,MTP2M,JOE WALSH,1
Sanpete,President,,Republican,MTP2M,BILL WELD,8
Sanpete,President,,Republican,MTP2M,Withdrawn,2
Sanpete,President,,Republican,MTP2M,DONALD J. TRUMP,178
Sanpete,President,,Republican,MTP2U,ROBERT ARDINI,0
Sanpete,President,,Republican,MTP2U,MATTHEW JOHN MALTERN,0
Sanpete,President,,Republican,MTP2U,BOB ELY,0
Sanpete,President,,Republican,MTP2U,JOE WALSH,1
Sanpete,President,,Republican,MTP2U,BILL WELD,0
Sanpete,President,,Republican,MTP2U,Withdrawn,0
Sanpete,President,,Republican,MTP2U,DONALD J. TRUMP,56
Sanpete,President,,Republican,MTP3U,ROBERT ARDINI,1
Sanpete,President,,Republican,MTP3U,MATTHEW JOHN MALTERN,0
Sanpete,President,,Republican,MTP3U,BOB ELY,0
Sanpete,President,,Republican,MTP3U,JOE WALSH,0
Sanpete,President,,Republican,MTP3U,BILL WELD,3
Sanpete,President,,Republican,MTP3U,Withdrawn,0
Sanpete,President,,Republican,MTP3U,DONALD J. TRUMP,47
Sanpete,President,,Republican,NSU,ROBERT ARDINI,0
Sanpete,President,,Republican,NSU,MATTHEW JOHN MALTERN,3
Sanpete,President,,Republican,NSU,BOB ELY,0
Sanpete,President,,Republican,NSU,JOE WALSH,0
Sanpete,President,,Republican,NSU,BILL WELD,1
Sanpete,President,,Republican,NSU,Withdrawn,0
Sanpete,President,,Republican,NSU,DONALD J. TRUMP,121
Sanpete,President,,Republican,SPRM,ROBERT ARDINI,3
Sanpete,President,,Republican,SPRM,MATTHEW JOHN MALTERN,0
Sanpete,President,,Republican,SPRM,BOB ELY,0
Sanpete,President,,Republican,SPRM,JOE WALSH,0
Sanpete,President,,Republican,SPRM,BILL WELD,3
Sanpete,President,,Republican,SPRM,Withdrawn,1
Sanpete,President,,Republican,SPRM,DONALD J. TRUMP,204
Sanpete,President,,Republican,SPRU,ROBERT ARDINI,0
Sanpete,President,,Republican,SPRU,MATTHEW JOHN MALTERN,4
Sanpete,President,,Republican,SPRU,BOB ELY,0
Sanpete,President,,Republican,SPRU,JOE WALSH,0
Sanpete,President,,Republican,SPRU,BILL WELD,2
Sanpete,President,,Republican,SPRU,Withdrawn,0
Sanpete,President,,Republican,SPRU,DONALD J. TRUMP,62
Sanpete,President,,Republican,SSU,ROBERT ARDINI,0
Sanpete,President,,Republican,SSU,MATTHEW JOHN MALTERN,2
Sanpete,President,,Republican,SSU,BOB ELY,0
Sanpete,President,,Republican,SSU,JOE WALSH,0
Sanpete,President,,Republican,SSU,BILL WELD,6
Sanpete,President,,Republican,SSU,Withdrawn,0
Sanpete,President,,Republican,SSU,DONALD J. TRUMP,104
Sanpete,President,,Republican,STRM,ROBERT ARDINI,0
Sanpete,President,,Republican,STRM,MATTHEW JOHN MALTERN,1
Sanpete,President,,Republican,STRM,BOB ELY,0
Sanpete,President,,Republican,STRM,JOE WALSH,0
Sanpete,President,,Republican,STRM,BILL WELD,1
Sanpete,President,,Republican,STRM,Withdrawn,0
Sanpete,President,,Republican,STRM,DONALD J. TRUMP,76
Sanpete,President,,Republican,WALM,ROBERT ARDINI,0
Sanpete,President,,Republican,WALM,MATTHEW JOHN MALTERN,0
Sanpete,President,,Republican,WALM,BOB ELY,0
Sanpete,President,,Republican,WALM,JOE WALSH,0
Sanpete,President,,Republican,WALM,BILL WELD,1
Sanpete,President,,Republican,WALM,Withdrawn,0
Sanpete,President,,Republican,WALM,DONALD J. TRUMP,57
