county,precinct,office,district,party,candidate,votes
Summit,Bitner,President,,Democrat,JULIÁN CASTRO,1
Summit,Bitner,President,,Democrat,ANDREW YANG,0
Summit,Bitner,President,,Democrat,CORY BOOKER,0
Summit,Bitner,President,,Democrat,PETE BUTTIGIEG,29
Summit,Bitner,President,,Democrat,NATHAN BLOXHAM,0
Summit,Bitner,President,,Democrat,MICHAEL R. BLOOMBERG,61
Summit,Bitner,President,,Democrat,Withdrawn,0
Summit,Bitner,President,,Democrat,JOSEPH R. BIDEN,73
Summit,Bitner,President,,Democrat,BERNIE SANDERS,57
Summit,Bitner,President,,Democrat,TOM STEYER,0
Summit,Bitner,President,,Democrat,ELIZABETH WARREN,38
Summit,Bitner,President,,Democrat,MARIANNE WILLIAMSON,0
Summit,Bitner,President,,Democrat,TULSI GABBARD,0
Summit,Bitner,President,,Democrat,AMY KLOBUCHAR,11
Summit,Bitner,President,,Republican,DEVAL PATRICK,0
Summit,Bitner,President,,Republican,ROQUE DE LA FUENTE,0
Summit,Bitner,President,,Republican,ROBERT ARDINI,1
Summit,Bitner,President,,Republican,MATTHEW JOHN MATERN,0
Summit,Bitner,President,,Republican,BOB ELY,0
Summit,Bitner,President,,Republican,JOE WALSH,0
Summit,Bitner,President,,Republican,BILL WELD,9
Summit,Bitner,President,,Republican,Withdrawn,1
Summit,Bitner,President,,Republican,DONALD J. TRUMP,67
Summit,Chalk Creek,President,,Democrat,JULIÁN CASTRO,0
Summit,Chalk Creek,President,,Democrat,ANDREW YANG,0
Summit,Chalk Creek,President,,Democrat,CORY BOOKER,0
Summit,Chalk Creek,President,,Democrat,PETE BUTTIGIEG,0
Summit,Chalk Creek,President,,Democrat,NATHAN BLOXHAM,0
Summit,Chalk Creek,President,,Democrat,MICHAEL R. BLOOMBERG,3
Summit,Chalk Creek,President,,Democrat,Withdrawn,0
Summit,Chalk Creek,President,,Democrat,JOSEPH R. BIDEN,3
Summit,Chalk Creek,President,,Democrat,BERNIE SANDERS,3
Summit,Chalk Creek,President,,Democrat,TOM STEYER,0
Summit,Chalk Creek,President,,Democrat,ELIZABETH WARREN,1
Summit,Chalk Creek,President,,Democrat,MARIANNE WILLIAMSON,0
Summit,Chalk Creek,President,,Democrat,TULSI GABBARD,0
Summit,Chalk Creek,President,,Democrat,AMY KLOBUCHAR,0
Summit,Chalk Creek,President,,Republican,DEVAL PATRICK,0
Summit,Chalk Creek,President,,Republican,ROQUE DE LA FUENTE,0
Summit,Chalk Creek,President,,Republican,ROBERT ARDINI,0
Summit,Chalk Creek,President,,Republican,MATTHEW JOHN MATERN,0
Summit,Chalk Creek,President,,Republican,BOB ELY,0
Summit,Chalk Creek,President,,Republican,JOE WALSH,2
Summit,Chalk Creek,President,,Republican,BILL WELD,3
Summit,Chalk Creek,President,,Republican,Withdrawn,0
Summit,Chalk Creek,President,,Republican,DONALD J. TRUMP,102
Summit,Coalville,President,,Democrat,JULIÁN CASTRO,0
Summit,Coalville,President,,Democrat,ANDREW YANG,0
Summit,Coalville,President,,Democrat,CORY BOOKER,1
Summit,Coalville,President,,Democrat,PETE BUTTIGIEG,10
Summit,Coalville,President,,Democrat,NATHAN BLOXHAM,0
Summit,Coalville,President,,Democrat,MICHAEL R. BLOOMBERG,12
Summit,Coalville,President,,Democrat,Withdrawn,0
Summit,Coalville,President,,Democrat,JOSEPH R. BIDEN,15
Summit,Coalville,President,,Democrat,BERNIE SANDERS,21
Summit,Coalville,President,,Democrat,TOM STEYER,0
Summit,Coalville,President,,Democrat,ELIZABETH WARREN,10
Summit,Coalville,President,,Democrat,MARIANNE WILLIAMSON,0
Summit,Coalville,President,,Democrat,TULSI GABBARD,0
Summit,Coalville,President,,Democrat,AMY KLOBUCHAR,2
Summit,Coalville,President,,Republican,DEVAL PATRICK,0
Summit,Coalville,President,,Republican,ROQUE DE LA FUENTE,0
Summit,Coalville,President,,Republican,ROBERT ARDINI,0
Summit,Coalville,President,,Republican,MATTHEW JOHN MATERN,1
Summit,Coalville,President,,Republican,BOB ELY,1
Summit,Coalville,President,,Republican,JOE WALSH,1
Summit,Coalville,President,,Republican,BILL WELD,3
Summit,Coalville,President,,Republican,Withdrawn,0
Summit,Coalville,President,,Republican,DONALD J. TRUMP,221
Summit,Deer Valley North,President,,Democrat,JULIÁN CASTRO,0
Summit,Deer Valley North,President,,Democrat,ANDREW YANG,0
Summit,Deer Valley North,President,,Democrat,CORY BOOKER,0
Summit,Deer Valley North,President,,Democrat,PETE BUTTIGIEG,5
Summit,Deer Valley North,President,,Democrat,NATHAN BLOXHAM,0
Summit,Deer Valley North,President,,Democrat,MICHAEL R. BLOOMBERG,26
Summit,Deer Valley North,President,,Democrat,Withdrawn,0
Summit,Deer Valley North,President,,Democrat,JOSEPH R. BIDEN,30
Summit,Deer Valley North,President,,Democrat,BERNIE SANDERS,32
Summit,Deer Valley North,President,,Democrat,TOM STEYER,0
Summit,Deer Valley North,President,,Democrat,ELIZABETH WARREN,14
Summit,Deer Valley North,President,,Democrat,MARIANNE WILLIAMSON,0
Summit,Deer Valley North,President,,Democrat,TULSI GABBARD,1
Summit,Deer Valley North,President,,Democrat,AMY KLOBUCHAR,7
Summit,Deer Valley North,President,,Republican,DEVAL PATRICK,0
Summit,Deer Valley North,President,,Republican,ROQUE DE LA FUENTE,0
Summit,Deer Valley North,President,,Republican,ROBERT ARDINI,0
Summit,Deer Valley North,President,,Republican,MATTHEW JOHN MATERN,1
Summit,Deer Valley North,President,,Republican,BOB ELY,1
Summit,Deer Valley North,President,,Republican,JOE WALSH,2
Summit,Deer Valley North,President,,Republican,BILL WELD,1
Summit,Deer Valley North,President,,Republican,Withdrawn,0
Summit,Deer Valley North,President,,Republican,DONALD J. TRUMP,19
Summit,Deer Valley South,President,,Democrat,JULIÁN CASTRO,0
Summit,Deer Valley South,President,,Democrat,ANDREW YANG,0
Summit,Deer Valley South,President,,Democrat,CORY BOOKER,0
Summit,Deer Valley South,President,,Democrat,PETE BUTTIGIEG,25
Summit,Deer Valley South,President,,Democrat,NATHAN BLOXHAM,0
Summit,Deer Valley South,President,,Democrat,MICHAEL R. BLOOMBERG,96
Summit,Deer Valley South,President,,Democrat,Withdrawn,0
Summit,Deer Valley South,President,,Democrat,JOSEPH R. BIDEN,60
Summit,Deer Valley South,President,,Democrat,BERNIE SANDERS,52
Summit,Deer Valley South,President,,Democrat,TOM STEYER,1
Summit,Deer Valley South,President,,Democrat,ELIZABETH WARREN,33
Summit,Deer Valley South,President,,Democrat,MARIANNE WILLIAMSON,0
Summit,Deer Valley South,President,,Democrat,TULSI GABBARD,0
Summit,Deer Valley South,President,,Democrat,AMY KLOBUCHAR,6
Summit,Deer Valley South,President,,Republican,DEVAL PATRICK,0
Summit,Deer Valley South,President,,Republican,ROQUE DE LA FUENTE,0
Summit,Deer Valley South,President,,Republican,ROBERT ARDINI,1
Summit,Deer Valley South,President,,Republican,MATTHEW JOHN MATERN,0
Summit,Deer Valley South,President,,Republican,BOB ELY,0
Summit,Deer Valley South,President,,Republican,JOE WALSH,2
Summit,Deer Valley South,President,,Republican,BILL WELD,22
Summit,Deer Valley South,President,,Republican,Withdrawn,1
Summit,Deer Valley South,President,,Republican,DONALD J. TRUMP,99
Summit,Park City/Wasatch,President,,Democrat,JULIÁN CASTRO,0
Summit,Park City/Wasatch,President,,Democrat,ANDREW YANG,0
Summit,Park City/Wasatch,President,,Democrat,CORY BOOKER,0
Summit,Park City/Wasatch,President,,Democrat,PETE BUTTIGIEG,0
Summit,Park City/Wasatch,President,,Democrat,NATHAN BLOXHAM,0
Summit,Park City/Wasatch,President,,Democrat,MICHAEL R. BLOOMBERG,0
Summit,Park City/Wasatch,President,,Democrat,Withdrawn,0
Summit,Park City/Wasatch,President,,Democrat,JOSEPH R. BIDEN,0
Summit,Park City/Wasatch,President,,Democrat,BERNIE SANDERS,0
Summit,Park City/Wasatch,President,,Democrat,TOM STEYER,0
Summit,Park City/Wasatch,President,,Democrat,ELIZABETH WARREN,0
Summit,Park City/Wasatch,President,,Democrat,MARIANNE WILLIAMSON,0
Summit,Park City/Wasatch,President,,Democrat,TULSI GABBARD,0
Summit,Park City/Wasatch,President,,Democrat,AMY KLOBUCHAR,0
Summit,Park City/Wasatch,President,,Republican,DEVAL PATRICK,0
Summit,Park City/Wasatch,President,,Republican,ROQUE DE LA FUENTE,0
Summit,Park City/Wasatch,President,,Republican,ROBERT ARDINI,0
Summit,Park City/Wasatch,President,,Republican,MATTHEW JOHN MATERN,0
Summit,Park City/Wasatch,President,,Republican,BOB ELY,0
Summit,Park City/Wasatch,President,,Republican,JOE WALSH,0
Summit,Park City/Wasatch,President,,Republican,BILL WELD,0
Summit,Park City/Wasatch,President,,Republican,Withdrawn,0
Summit,Park City/Wasatch,President,,Republican,DONALD J. TRUMP,0
Summit,Francis,President,,Democrat,JULIÁN CASTRO,0
Summit,Francis,President,,Democrat,ANDREW YANG,0
Summit,Francis,President,,Democrat,CORY BOOKER,0
Summit,Francis,President,,Democrat,PETE BUTTIGIEG,14
Summit,Francis,President,,Democrat,NATHAN BLOXHAM,0
Summit,Francis,President,,Democrat,MICHAEL R. BLOOMBERG,24
Summit,Francis,President,,Democrat,Withdrawn,0
Summit,Francis,President,,Democrat,JOSEPH R. BIDEN,20
Summit,Francis,President,,Democrat,BERNIE SANDERS,29
Summit,Francis,President,,Democrat,TOM STEYER,0
Summit,Francis,President,,Democrat,ELIZABETH WARREN,9
Summit,Francis,President,,Democrat,MARIANNE WILLIAMSON,1
Summit,Francis,President,,Democrat,TULSI GABBARD,1
Summit,Francis,President,,Democrat,AMY KLOBUCHAR,11
Summit,Francis,President,,Republican,DEVAL PATRICK,0
Summit,Francis,President,,Republican,ROQUE DE LA FUENTE,0
Summit,Francis,President,,Republican,ROBERT ARDINI,1
Summit,Francis,President,,Republican,MATTHEW JOHN MATERN,2
Summit,Francis,President,,Republican,BOB ELY,4
Summit,Francis,President,,Republican,JOE WALSH,3
Summit,Francis,President,,Republican,BILL WELD,6
Summit,Francis,President,,Republican,Withdrawn,5
Summit,Francis,President,,Republican,DONALD J. TRUMP,192
Summit,Highland Estates East,President,,Democrat,JULIÁN CASTRO,0
Summit,Highland Estates East,President,,Democrat,ANDREW YANG,0
Summit,Highland Estates East,President,,Democrat,CORY BOOKER,0
Summit,Highland Estates East,President,,Democrat,PETE BUTTIGIEG,27
Summit,Highland Estates East,President,,Democrat,NATHAN BLOXHAM,0
Summit,Highland Estates East,President,,Democrat,MICHAEL R. BLOOMBERG,25
Summit,Highland Estates East,President,,Democrat,Withdrawn,0
Summit,Highland Estates East,President,,Democrat,JOSEPH R. BIDEN,62
Summit,Highland Estates East,President,,Democrat,BERNIE SANDERS,57
Summit,Highland Estates East,President,,Democrat,TOM STEYER,0
Summit,Highland Estates East,President,,Democrat,ELIZABETH WARREN,56
Summit,Highland Estates East,President,,Democrat,MARIANNE WILLIAMSON,0
Summit,Highland Estates East,President,,Democrat,TULSI GABBARD,2
Summit,Highland Estates East,President,,Democrat,AMY KLOBUCHAR,4
Summit,Highland Estates East,President,,Republican,DEVAL PATRICK,0
Summit,Highland Estates East,President,,Republican,ROQUE DE LA FUENTE,0
Summit,Highland Estates East,President,,Republican,ROBERT ARDINI,2
Summit,Highland Estates East,President,,Republican,MATTHEW JOHN MATERN,1
Summit,Highland Estates East,President,,Republican,BOB ELY,0
Summit,Highland Estates East,President,,Republican,JOE WALSH,0
Summit,Highland Estates East,President,,Republican,BILL WELD,6
Summit,Highland Estates East,President,,Republican,Withdrawn,0
Summit,Highland Estates East,President,,Republican,DONALD J. TRUMP,43
Summit,Henefer,President,,Democrat,JULIÁN CASTRO,0
Summit,Henefer,President,,Democrat,ANDREW YANG,0
Summit,Henefer,President,,Democrat,CORY BOOKER,0
Summit,Henefer,President,,Democrat,PETE BUTTIGIEG,7
Summit,Henefer,President,,Democrat,NATHAN BLOXHAM,0
Summit,Henefer,President,,Democrat,MICHAEL R. BLOOMBERG,1
Summit,Henefer,President,,Democrat,Withdrawn,0
Summit,Henefer,President,,Democrat,JOSEPH R. BIDEN,5
Summit,Henefer,President,,Democrat,BERNIE SANDERS,4
Summit,Henefer,President,,Democrat,TOM STEYER,0
Summit,Henefer,President,,Democrat,ELIZABETH WARREN,0
Summit,Henefer,President,,Democrat,MARIANNE WILLIAMSON,0
Summit,Henefer,President,,Democrat,TULSI GABBARD,0
Summit,Henefer,President,,Democrat,AMY KLOBUCHAR,1
Summit,Henefer,President,,Republican,DEVAL PATRICK,0
Summit,Henefer,President,,Republican,ROQUE DE LA FUENTE,0
Summit,Henefer,President,,Republican,ROBERT ARDINI,3
Summit,Henefer,President,,Republican,MATTHEW JOHN MATERN,0
Summit,Henefer,President,,Republican,BOB ELY,0
Summit,Henefer,President,,Republican,JOE WALSH,2
Summit,Henefer,President,,Republican,BILL WELD,6
Summit,Henefer,President,,Republican,Withdrawn,1
Summit,Henefer,President,,Republican,DONALD J. TRUMP,148
Summit,Highland Estates West,President,,Democrat,JULIÁN CASTRO,2
Summit,Highland Estates West,President,,Democrat,ANDREW YANG,2
Summit,Highland Estates West,President,,Democrat,CORY BOOKER,0
Summit,Highland Estates West,President,,Democrat,PETE BUTTIGIEG,18
Summit,Highland Estates West,President,,Democrat,NATHAN BLOXHAM,0
Summit,Highland Estates West,President,,Democrat,MICHAEL R. BLOOMBERG,45
Summit,Highland Estates West,President,,Democrat,Withdrawn,0
Summit,Highland Estates West,President,,Democrat,JOSEPH R. BIDEN,49
Summit,Highland Estates West,President,,Democrat,BERNIE SANDERS,41
Summit,Highland Estates West,President,,Democrat,TOM STEYER,0
Summit,Highland Estates West,President,,Democrat,ELIZABETH WARREN,43
Summit,Highland Estates West,President,,Democrat,MARIANNE WILLIAMSON,0
Summit,Highland Estates West,President,,Democrat,TULSI GABBARD,3
Summit,Highland Estates West,President,,Democrat,AMY KLOBUCHAR,13
Summit,Highland Estates West,President,,Republican,DEVAL PATRICK,0
Summit,Highland Estates West,President,,Republican,ROQUE DE LA FUENTE,0
Summit,Highland Estates West,President,,Republican,ROBERT ARDINI,0
Summit,Highland Estates West,President,,Republican,MATTHEW JOHN MATERN,0
Summit,Highland Estates West,President,,Republican,BOB ELY,0
Summit,Highland Estates West,President,,Republican,JOE WALSH,2
Summit,Highland Estates West,President,,Republican,BILL WELD,9
Summit,Highland Estates West,President,,Republican,Withdrawn,0
Summit,Highland Estates West,President,,Republican,DONALD J. TRUMP,86
Summit,Hoytsville,President,,Democrat,JULIÁN CASTRO,0
Summit,Hoytsville,President,,Democrat,ANDREW YANG,0
Summit,Hoytsville,President,,Democrat,CORY BOOKER,1
Summit,Hoytsville,President,,Democrat,PETE BUTTIGIEG,8
Summit,Hoytsville,President,,Democrat,NATHAN BLOXHAM,0
Summit,Hoytsville,President,,Democrat,MICHAEL R. BLOOMBERG,14
Summit,Hoytsville,President,,Democrat,Withdrawn,0
Summit,Hoytsville,President,,Democrat,JOSEPH R. BIDEN,11
Summit,Hoytsville,President,,Democrat,BERNIE SANDERS,11
Summit,Hoytsville,President,,Democrat,TOM STEYER,1
Summit,Hoytsville,President,,Democrat,ELIZABETH WARREN,4
Summit,Hoytsville,President,,Democrat,MARIANNE WILLIAMSON,0
Summit,Hoytsville,President,,Democrat,TULSI GABBARD,0
Summit,Hoytsville,President,,Democrat,AMY KLOBUCHAR,2
Summit,Hoytsville,President,,Republican,DEVAL PATRICK,0
Summit,Hoytsville,President,,Republican,ROQUE DE LA FUENTE,0
Summit,Hoytsville,President,,Republican,ROBERT ARDINI,1
Summit,Hoytsville,President,,Republican,MATTHEW JOHN MATERN,3
Summit,Hoytsville,President,,Republican,BOB ELY,0
Summit,Hoytsville,President,,Republican,JOE WALSH,5
Summit,Hoytsville,President,,Republican,BILL WELD,12
Summit,Hoytsville,President,,Republican,Withdrawn,6
Summit,Hoytsville,President,,Republican,DONALD J. TRUMP,161
Summit,Jeremy East,President,,Democrat,JULIÁN CASTRO,0
Summit,Jeremy East,President,,Democrat,ANDREW YANG,1
Summit,Jeremy East,President,,Democrat,CORY BOOKER,0
Summit,Jeremy East,President,,Democrat,PETE BUTTIGIEG,21
Summit,Jeremy East,President,,Democrat,NATHAN BLOXHAM,0
Summit,Jeremy East,President,,Democrat,MICHAEL R. BLOOMBERG,45
Summit,Jeremy East,President,,Democrat,Withdrawn,0
Summit,Jeremy East,President,,Democrat,JOSEPH R. BIDEN,71
Summit,Jeremy East,President,,Democrat,BERNIE SANDERS,25
Summit,Jeremy East,President,,Democrat,TOM STEYER,0
Summit,Jeremy East,President,,Democrat,ELIZABETH WARREN,39
Summit,Jeremy East,President,,Democrat,MARIANNE WILLIAMSON,0
Summit,Jeremy East,President,,Democrat,TULSI GABBARD,0
Summit,Jeremy East,President,,Democrat,AMY KLOBUCHAR,10
Summit,Jeremy East,President,,Republican,DEVAL PATRICK,0
Summit,Jeremy East,President,,Republican,ROQUE DE LA FUENTE,0
Summit,Jeremy East,President,,Republican,ROBERT ARDINI,3
Summit,Jeremy East,President,,Republican,MATTHEW JOHN MATERN,1
Summit,Jeremy East,President,,Republican,BOB ELY,0
Summit,Jeremy East,President,,Republican,JOE WALSH,3
Summit,Jeremy East,President,,Republican,BILL WELD,20
Summit,Jeremy East,President,,Republican,Withdrawn,1
Summit,Jeremy East,President,,Republican,DONALD J. TRUMP,80
Summit,Jeremy West,President,,Democrat,JULIÁN CASTRO,0
Summit,Jeremy West,President,,Democrat,ANDREW YANG,0
Summit,Jeremy West,President,,Democrat,CORY BOOKER,0
Summit,Jeremy West,President,,Democrat,PETE BUTTIGIEG,20
Summit,Jeremy West,President,,Democrat,NATHAN BLOXHAM,0
Summit,Jeremy West,President,,Democrat,MICHAEL R. BLOOMBERG,41
Summit,Jeremy West,President,,Democrat,Withdrawn,0
Summit,Jeremy West,President,,Democrat,JOSEPH R. BIDEN,34
Summit,Jeremy West,President,,Democrat,BERNIE SANDERS,29
Summit,Jeremy West,President,,Democrat,TOM STEYER,0
Summit,Jeremy West,President,,Democrat,ELIZABETH WARREN,19
Summit,Jeremy West,President,,Democrat,MARIANNE WILLIAMSON,0
Summit,Jeremy West,President,,Democrat,TULSI GABBARD,0
Summit,Jeremy West,President,,Democrat,AMY KLOBUCHAR,4
Summit,Jeremy West,President,,Republican,DEVAL PATRICK,1
Summit,Jeremy West,President,,Republican,ROQUE DE LA FUENTE,0
Summit,Jeremy West,President,,Republican,ROBERT ARDINI,0
Summit,Jeremy West,President,,Republican,MATTHEW JOHN MATERN,0
Summit,Jeremy West,President,,Republican,BOB ELY,0
Summit,Jeremy West,President,,Republican,JOE WALSH,3
Summit,Jeremy West,President,,Republican,BILL WELD,9
Summit,Jeremy West,President,,Republican,Withdrawn,2
Summit,Jeremy West,President,,Republican,DONALD J. TRUMP,70
Summit,Kamas,President,,Democrat,JULIÁN CASTRO,0
Summit,Kamas,President,,Democrat,ANDREW YANG,1
Summit,Kamas,President,,Democrat,CORY BOOKER,0
Summit,Kamas,President,,Democrat,PETE BUTTIGIEG,17
Summit,Kamas,President,,Democrat,NATHAN BLOXHAM,1
Summit,Kamas,President,,Democrat,MICHAEL R. BLOOMBERG,39
Summit,Kamas,President,,Democrat,Withdrawn,0
Summit,Kamas,President,,Democrat,JOSEPH R. BIDEN,37
Summit,Kamas,President,,Democrat,BERNIE SANDERS,71
Summit,Kamas,President,,Democrat,TOM STEYER,0
Summit,Kamas,President,,Democrat,ELIZABETH WARREN,21
Summit,Kamas,President,,Democrat,MARIANNE WILLIAMSON,1
Summit,Kamas,President,,Democrat,TULSI GABBARD,0
Summit,Kamas,President,,Democrat,AMY KLOBUCHAR,3
Summit,Kamas,President,,Republican,DEVAL PATRICK,0
Summit,Kamas,President,,Republican,ROQUE DE LA FUENTE,0
Summit,Kamas,President,,Republican,ROBERT ARDINI,3
Summit,Kamas,President,,Republican,MATTHEW JOHN MATERN,3
Summit,Kamas,President,,Republican,BOB ELY,0
Summit,Kamas,President,,Republican,JOE WALSH,7
Summit,Kamas,President,,Republican,BILL WELD,6
Summit,Kamas,President,,Republican,Withdrawn,2
Summit,Kamas,President,,Republican,DONALD J. TRUMP,181
Summit,Kimball Canyon,President,,Democrat,JULIÁN CASTRO,0
Summit,Kimball Canyon,President,,Democrat,ANDREW YANG,0
Summit,Kimball Canyon,President,,Democrat,CORY BOOKER,0
Summit,Kimball Canyon,President,,Democrat,PETE BUTTIGIEG,5
Summit,Kimball Canyon,President,,Democrat,NATHAN BLOXHAM,0
Summit,Kimball Canyon,President,,Democrat,MICHAEL R. BLOOMBERG,17
Summit,Kimball Canyon,President,,Democrat,Withdrawn,0
Summit,Kimball Canyon,President,,Democrat,JOSEPH R. BIDEN,9
Summit,Kimball Canyon,President,,Democrat,BERNIE SANDERS,13
Summit,Kimball Canyon,President,,Democrat,TOM STEYER,0
Summit,Kimball Canyon,President,,Democrat,ELIZABETH WARREN,4
Summit,Kimball Canyon,President,,Democrat,MARIANNE WILLIAMSON,0
Summit,Kimball Canyon,President,,Democrat,TULSI GABBARD,0
Summit,Kimball Canyon,President,,Democrat,AMY KLOBUCHAR,1
Summit,Kimball Canyon,President,,Republican,DEVAL PATRICK,0
Summit,Kimball Canyon,President,,Republican,ROQUE DE LA FUENTE,0
Summit,Kimball Canyon,President,,Republican,ROBERT ARDINI,0
Summit,Kimball Canyon,President,,Republican,MATTHEW JOHN MATERN,0
Summit,Kimball Canyon,President,,Republican,BOB ELY,0
Summit,Kimball Canyon,President,,Republican,JOE WALSH,1
Summit,Kimball Canyon,President,,Republican,BILL WELD,0
Summit,Kimball Canyon,President,,Republican,Withdrawn,1
Summit,Kimball Canyon,President,,Republican,DONALD J. TRUMP,12
Summit,Lower Pinebrook,President,,Democrat,JULIÁN CASTRO,0
Summit,Lower Pinebrook,President,,Democrat,ANDREW YANG,0
Summit,Lower Pinebrook,President,,Democrat,CORY BOOKER,1
Summit,Lower Pinebrook,President,,Democrat,PETE BUTTIGIEG,34
Summit,Lower Pinebrook,President,,Democrat,NATHAN BLOXHAM,0
Summit,Lower Pinebrook,President,,Democrat,MICHAEL R. BLOOMBERG,70
Summit,Lower Pinebrook,President,,Democrat,Withdrawn,0
Summit,Lower Pinebrook,President,,Democrat,JOSEPH R. BIDEN,111
Summit,Lower Pinebrook,President,,Democrat,BERNIE SANDERS,82
Summit,Lower Pinebrook,President,,Democrat,TOM STEYER,3
Summit,Lower Pinebrook,President,,Democrat,ELIZABETH WARREN,62
Summit,Lower Pinebrook,President,,Democrat,MARIANNE WILLIAMSON,0
Summit,Lower Pinebrook,President,,Democrat,TULSI GABBARD,1
Summit,Lower Pinebrook,President,,Democrat,AMY KLOBUCHAR,13
Summit,Lower Pinebrook,President,,Republican,DEVAL PATRICK,0
Summit,Lower Pinebrook,President,,Republican,ROQUE DE LA FUENTE,0
Summit,Lower Pinebrook,President,,Republican,ROBERT ARDINI,3
Summit,Lower Pinebrook,President,,Republican,MATTHEW JOHN MATERN,0
Summit,Lower Pinebrook,President,,Republican,BOB ELY,1
Summit,Lower Pinebrook,President,,Republican,JOE WALSH,3
Summit,Lower Pinebrook,President,,Republican,BILL WELD,19
Summit,Lower Pinebrook,President,,Republican,Withdrawn,0
Summit,Lower Pinebrook,President,,Republican,DONALD J. TRUMP,98
Summit,Moose Hollow,President,,Democrat,JULIÁN CASTRO,0
Summit,Moose Hollow,President,,Democrat,ANDREW YANG,0
Summit,Moose Hollow,President,,Democrat,CORY BOOKER,0
Summit,Moose Hollow,President,,Democrat,PETE BUTTIGIEG,28
Summit,Moose Hollow,President,,Democrat,NATHAN BLOXHAM,0
Summit,Moose Hollow,President,,Democrat,MICHAEL R. BLOOMBERG,73
Summit,Moose Hollow,President,,Democrat,Withdrawn,0
Summit,Moose Hollow,President,,Democrat,JOSEPH R. BIDEN,63
Summit,Moose Hollow,President,,Democrat,BERNIE SANDERS,59
Summit,Moose Hollow,President,,Democrat,TOM STEYER,1
Summit,Moose Hollow,President,,Democrat,ELIZABETH WARREN,40
Summit,Moose Hollow,President,,Democrat,MARIANNE WILLIAMSON,0
Summit,Moose Hollow,President,,Democrat,TULSI GABBARD,1
Summit,Moose Hollow,President,,Democrat,AMY KLOBUCHAR,14
Summit,Moose Hollow,President,,Republican,DEVAL PATRICK,0
Summit,Moose Hollow,President,,Republican,ROQUE DE LA FUENTE,0
Summit,Moose Hollow,President,,Republican,ROBERT ARDINI,0
Summit,Moose Hollow,President,,Republican,MATTHEW JOHN MATERN,0
Summit,Moose Hollow,President,,Republican,BOB ELY,0
Summit,Moose Hollow,President,,Republican,JOE WALSH,1
Summit,Moose Hollow,President,,Republican,BILL WELD,14
Summit,Moose Hollow,President,,Republican,Withdrawn,3
Summit,Moose Hollow,President,,Republican,DONALD J. TRUMP,88
Summit,North Summit North,President,,Democrat,JULIÁN CASTRO,0
Summit,North Summit North,President,,Democrat,ANDREW YANG,0
Summit,North Summit North,President,,Democrat,CORY BOOKER,0
Summit,North Summit North,President,,Democrat,PETE BUTTIGIEG,0
Summit,North Summit North,President,,Democrat,NATHAN BLOXHAM,0
Summit,North Summit North,President,,Democrat,MICHAEL R. BLOOMBERG,2
Summit,North Summit North,President,,Democrat,Withdrawn,0
Summit,North Summit North,President,,Democrat,JOSEPH R. BIDEN,2
Summit,North Summit North,President,,Democrat,BERNIE SANDERS,6
Summit,North Summit North,President,,Democrat,TOM STEYER,0
Summit,North Summit North,President,,Democrat,ELIZABETH WARREN,1
Summit,North Summit North,President,,Democrat,MARIANNE WILLIAMSON,0
Summit,North Summit North,President,,Democrat,TULSI GABBARD,0
Summit,North Summit North,President,,Democrat,AMY KLOBUCHAR,1
Summit,North Summit North,President,,Republican,DEVAL PATRICK,0
Summit,North Summit North,President,,Republican,ROQUE DE LA FUENTE,0
Summit,North Summit North,President,,Republican,ROBERT ARDINI,0
Summit,North Summit North,President,,Republican,MATTHEW JOHN MATERN,0
Summit,North Summit North,President,,Republican,BOB ELY,0
Summit,North Summit North,President,,Republican,JOE WALSH,0
Summit,North Summit North,President,,Republican,BILL WELD,1
Summit,North Summit North,President,,Republican,Withdrawn,0
Summit,North Summit North,President,,Republican,DONALD J. TRUMP,49
Summit,Oakley,President,,Democrat,JULIÁN CASTRO,0
Summit,Oakley,President,,Democrat,ANDREW YANG,0
Summit,Oakley,President,,Democrat,CORY BOOKER,0
Summit,Oakley,President,,Democrat,PETE BUTTIGIEG,9
Summit,Oakley,President,,Democrat,NATHAN BLOXHAM,0
Summit,Oakley,President,,Democrat,MICHAEL R. BLOOMBERG,24
Summit,Oakley,President,,Democrat,Withdrawn,1
Summit,Oakley,President,,Democrat,JOSEPH R. BIDEN,33
Summit,Oakley,President,,Democrat,BERNIE SANDERS,33
Summit,Oakley,President,,Democrat,TOM STEYER,0
Summit,Oakley,President,,Democrat,ELIZABETH WARREN,23
Summit,Oakley,President,,Democrat,MARIANNE WILLIAMSON,0
Summit,Oakley,President,,Democrat,TULSI GABBARD,1
Summit,Oakley,President,,Democrat,AMY KLOBUCHAR,5
Summit,Oakley,President,,Republican,DEVAL PATRICK,0
Summit,Oakley,President,,Republican,ROQUE DE LA FUENTE,0
Summit,Oakley,President,,Republican,ROBERT ARDINI,3
Summit,Oakley,President,,Republican,MATTHEW JOHN MATERN,4
Summit,Oakley,President,,Republican,BOB ELY,0
Summit,Oakley,President,,Republican,JOE WALSH,9
Summit,Oakley,President,,Republican,BILL WELD,10
Summit,Oakley,President,,Republican,Withdrawn,1
Summit,Oakley,President,,Republican,DONALD J. TRUMP,151
Summit,Old Town North,President,,Democrat,JULIÁN CASTRO,0
Summit,Old Town North,President,,Democrat,ANDREW YANG,0
Summit,Old Town North,President,,Democrat,CORY BOOKER,0
Summit,Old Town North,President,,Democrat,PETE BUTTIGIEG,11
Summit,Old Town North,President,,Democrat,NATHAN BLOXHAM,0
Summit,Old Town North,President,,Democrat,MICHAEL R. BLOOMBERG,31
Summit,Old Town North,President,,Democrat,Withdrawn,0
Summit,Old Town North,President,,Democrat,JOSEPH R. BIDEN,24
Summit,Old Town North,President,,Democrat,BERNIE SANDERS,27
Summit,Old Town North,President,,Democrat,TOM STEYER,0
Summit,Old Town North,President,,Democrat,ELIZABETH WARREN,24
Summit,Old Town North,President,,Democrat,MARIANNE WILLIAMSON,0
Summit,Old Town North,President,,Democrat,TULSI GABBARD,0
Summit,Old Town North,President,,Democrat,AMY KLOBUCHAR,2
Summit,Old Town North,President,,Republican,DEVAL PATRICK,0
Summit,Old Town North,President,,Republican,ROQUE DE LA FUENTE,0
Summit,Old Town North,President,,Republican,ROBERT ARDINI,0
Summit,Old Town North,President,,Republican,MATTHEW JOHN MATERN,0
Summit,Old Town North,President,,Republican,BOB ELY,0
Summit,Old Town North,President,,Republican,JOE WALSH,0
Summit,Old Town North,President,,Republican,BILL WELD,8
Summit,Old Town North,President,,Republican,Withdrawn,0
Summit,Old Town North,President,,Republican,DONALD J. TRUMP,21
Summit,Old Town South,President,,Democrat,JULIÁN CASTRO,0
Summit,Old Town South,President,,Democrat,ANDREW YANG,0
Summit,Old Town South,President,,Democrat,CORY BOOKER,1
Summit,Old Town South,President,,Democrat,PETE BUTTIGIEG,5
Summit,Old Town South,President,,Democrat,NATHAN BLOXHAM,0
Summit,Old Town South,President,,Democrat,MICHAEL R. BLOOMBERG,23
Summit,Old Town South,President,,Democrat,Withdrawn,0
Summit,Old Town South,President,,Democrat,JOSEPH R. BIDEN,23
Summit,Old Town South,President,,Democrat,BERNIE SANDERS,32
Summit,Old Town South,President,,Democrat,TOM STEYER,0
Summit,Old Town South,President,,Democrat,ELIZABETH WARREN,17
Summit,Old Town South,President,,Democrat,MARIANNE WILLIAMSON,0
Summit,Old Town South,President,,Democrat,TULSI GABBARD,0
Summit,Old Town South,President,,Democrat,AMY KLOBUCHAR,3
Summit,Old Town South,President,,Republican,DEVAL PATRICK,0
Summit,Old Town South,President,,Republican,ROQUE DE LA FUENTE,0
Summit,Old Town South,President,,Republican,ROBERT ARDINI,0
Summit,Old Town South,President,,Republican,MATTHEW JOHN MATERN,1
Summit,Old Town South,President,,Republican,BOB ELY,0
Summit,Old Town South,President,,Republican,JOE WALSH,0
Summit,Old Town South,President,,Republican,BILL WELD,0
Summit,Old Town South,President,,Republican,Withdrawn,0
Summit,Old Town South,President,,Republican,DONALD J. TRUMP,11
Summit,Park West,President,,Democrat,JULIÁN CASTRO,0
Summit,Park West,President,,Democrat,ANDREW YANG,0
Summit,Park West,President,,Democrat,CORY BOOKER,0
Summit,Park West,President,,Democrat,PETE BUTTIGIEG,37
Summit,Park West,President,,Democrat,NATHAN BLOXHAM,0
Summit,Park West,President,,Democrat,MICHAEL R. BLOOMBERG,91
Summit,Park West,President,,Democrat,Withdrawn,0
Summit,Park West,President,,Democrat,JOSEPH R. BIDEN,82
Summit,Park West,President,,Democrat,BERNIE SANDERS,66
Summit,Park West,President,,Democrat,TOM STEYER,3
Summit,Park West,President,,Democrat,ELIZABETH WARREN,51
Summit,Park West,President,,Democrat,MARIANNE WILLIAMSON,0
Summit,Park West,President,,Democrat,TULSI GABBARD,1
Summit,Park West,President,,Democrat,AMY KLOBUCHAR,16
Summit,Park West,President,,Republican,DEVAL PATRICK,0
Summit,Park West,President,,Republican,ROQUE DE LA FUENTE,0
Summit,Park West,President,,Republican,ROBERT ARDINI,0
Summit,Park West,President,,Republican,MATTHEW JOHN MATERN,2
Summit,Park West,President,,Republican,BOB ELY,1
Summit,Park West,President,,Republican,JOE WALSH,2
Summit,Park West,President,,Republican,BILL WELD,14
Summit,Park West,President,,Republican,Withdrawn,0
Summit,Park West,President,,Republican,DONALD J. TRUMP,91
Summit,Peoa 15:20,President,,Democrat,JULIÁN CASTRO,0
Summit,Peoa 15:20,President,,Democrat,ANDREW YANG,0
Summit,Peoa 15:20,President,,Democrat,CORY BOOKER,0
Summit,Peoa 15:20,President,,Democrat,PETE BUTTIGIEG,2
Summit,Peoa 15:20,President,,Democrat,NATHAN BLOXHAM,0
Summit,Peoa 15:20,President,,Democrat,MICHAEL R. BLOOMBERG,6
Summit,Peoa 15:20,President,,Democrat,Withdrawn,0
Summit,Peoa 15:20,President,,Democrat,JOSEPH R. BIDEN,8
Summit,Peoa 15:20,President,,Democrat,BERNIE SANDERS,8
Summit,Peoa 15:20,President,,Democrat,TOM STEYER,0
Summit,Peoa 15:20,President,,Democrat,ELIZABETH WARREN,2
Summit,Peoa 15:20,President,,Democrat,MARIANNE WILLIAMSON,0
Summit,Peoa 15:20,President,,Democrat,TULSI GABBARD,0
Summit,Peoa 15:20,President,,Democrat,AMY KLOBUCHAR,1
Summit,Peoa 15:20,President,,Republican,DEVAL PATRICK,0
Summit,Peoa 15:20,President,,Republican,ROQUE DE LA FUENTE,0
Summit,Peoa 15:20,President,,Republican,ROBERT ARDINI,0
Summit,Peoa 15:20,President,,Republican,MATTHEW JOHN MATERN,1
Summit,Peoa 15:20,President,,Republican,BOB ELY,1
Summit,Peoa 15:20,President,,Republican,JOE WALSH,0
Summit,Peoa 15:20,President,,Republican,BILL WELD,5
Summit,Peoa 15:20,President,,Republican,Withdrawn,0
Summit,Peoa 15:20,President,,Republican,DONALD J. TRUMP,49
Summit,Peoa 15:25,President,,Democrat,JULIÁN CASTRO,0
Summit,Peoa 15:25,President,,Democrat,ANDREW YANG,0
Summit,Peoa 15:25,President,,Democrat,CORY BOOKER,0
Summit,Peoa 15:25,President,,Democrat,PETE BUTTIGIEG,0
Summit,Peoa 15:25,President,,Democrat,NATHAN BLOXHAM,0
Summit,Peoa 15:25,President,,Democrat,MICHAEL R. BLOOMBERG,0
Summit,Peoa 15:25,President,,Democrat,Withdrawn,0
Summit,Peoa 15:25,President,,Democrat,JOSEPH R. BIDEN,3
Summit,Peoa 15:25,President,,Democrat,BERNIE SANDERS,2
Summit,Peoa 15:25,President,,Democrat,TOM STEYER,0
Summit,Peoa 15:25,President,,Democrat,ELIZABETH WARREN,0
Summit,Peoa 15:25,President,,Democrat,MARIANNE WILLIAMSON,0
Summit,Peoa 15:25,President,,Democrat,TULSI GABBARD,0
Summit,Peoa 15:25,President,,Democrat,AMY KLOBUCHAR,1
Summit,Peoa 15:25,President,,Republican,DEVAL PATRICK,0
Summit,Peoa 15:25,President,,Republican,ROQUE DE LA FUENTE,0
Summit,Peoa 15:25,President,,Republican,ROBERT ARDINI,0
Summit,Peoa 15:25,President,,Republican,MATTHEW JOHN MATERN,0
Summit,Peoa 15:25,President,,Republican,BOB ELY,0
Summit,Peoa 15:25,President,,Republican,JOE WALSH,0
Summit,Peoa 15:25,President,,Republican,BILL WELD,0
Summit,Peoa 15:25,President,,Republican,Withdrawn,1
Summit,Peoa 15:25,President,,Republican,DONALD J. TRUMP,0
Summit,Peoa 15:32,President,,Democrat,JULIÁN CASTRO,0
Summit,Peoa 15:32,President,,Democrat,ANDREW YANG,0
Summit,Peoa 15:32,President,,Democrat,CORY BOOKER,0
Summit,Peoa 15:32,President,,Democrat,PETE BUTTIGIEG,10
Summit,Peoa 15:32,President,,Democrat,NATHAN BLOXHAM,0
Summit,Peoa 15:32,President,,Democrat,MICHAEL R. BLOOMBERG,23
Summit,Peoa 15:32,President,,Democrat,Withdrawn,0
Summit,Peoa 15:32,President,,Democrat,JOSEPH R. BIDEN,6
Summit,Peoa 15:32,President,,Democrat,BERNIE SANDERS,5
Summit,Peoa 15:32,President,,Democrat,TOM STEYER,0
Summit,Peoa 15:32,President,,Democrat,ELIZABETH WARREN,4
Summit,Peoa 15:32,President,,Democrat,MARIANNE WILLIAMSON,0
Summit,Peoa 15:32,President,,Democrat,TULSI GABBARD,0
Summit,Peoa 15:32,President,,Democrat,AMY KLOBUCHAR,6
Summit,Peoa 15:32,President,,Republican,DEVAL PATRICK,0
Summit,Peoa 15:32,President,,Republican,ROQUE DE LA FUENTE,0
Summit,Peoa 15:32,President,,Republican,ROBERT ARDINI,0
Summit,Peoa 15:32,President,,Republican,MATTHEW JOHN MATERN,0
Summit,Peoa 15:32,President,,Republican,BOB ELY,0
Summit,Peoa 15:32,President,,Republican,JOE WALSH,1
Summit,Peoa 15:32,President,,Republican,BILL WELD,6
Summit,Peoa 15:32,President,,Republican,Withdrawn,0
Summit,Peoa 15:32,President,,Republican,DONALD J. TRUMP,61
Summit,Pinebrook North,President,,Democrat,JULIÁN CASTRO,0
Summit,Pinebrook North,President,,Democrat,ANDREW YANG,2
Summit,Pinebrook North,President,,Democrat,CORY BOOKER,0
Summit,Pinebrook North,President,,Democrat,PETE BUTTIGIEG,29
Summit,Pinebrook North,President,,Democrat,NATHAN BLOXHAM,0
Summit,Pinebrook North,President,,Democrat,MICHAEL R. BLOOMBERG,42
Summit,Pinebrook North,President,,Democrat,Withdrawn,1
Summit,Pinebrook North,President,,Democrat,JOSEPH R. BIDEN,45
Summit,Pinebrook North,President,,Democrat,BERNIE SANDERS,22
Summit,Pinebrook North,President,,Democrat,TOM STEYER,0
Summit,Pinebrook North,President,,Democrat,ELIZABETH WARREN,40
Summit,Pinebrook North,President,,Democrat,MARIANNE WILLIAMSON,0
Summit,Pinebrook North,President,,Democrat,TULSI GABBARD,1
Summit,Pinebrook North,President,,Democrat,AMY KLOBUCHAR,12
Summit,Pinebrook North,President,,Republican,DEVAL PATRICK,0
Summit,Pinebrook North,President,,Republican,ROQUE DE LA FUENTE,1
Summit,Pinebrook North,President,,Republican,ROBERT ARDINI,0
Summit,Pinebrook North,President,,Republican,MATTHEW JOHN MATERN,1
Summit,Pinebrook North,President,,Republican,BOB ELY,0
Summit,Pinebrook North,President,,Republican,JOE WALSH,0
Summit,Pinebrook North,President,,Republican,BILL WELD,10
Summit,Pinebrook North,President,,Republican,Withdrawn,2
Summit,Pinebrook North,President,,Republican,DONALD J. TRUMP,52
Summit,Park Meadows North,President,,Democrat,JULIÁN CASTRO,0
Summit,Park Meadows North,President,,Democrat,ANDREW YANG,0
Summit,Park Meadows North,President,,Democrat,CORY BOOKER,0
Summit,Park Meadows North,President,,Democrat,PETE BUTTIGIEG,30
Summit,Park Meadows North,President,,Democrat,NATHAN BLOXHAM,0
Summit,Park Meadows North,President,,Democrat,MICHAEL R. BLOOMBERG,118
Summit,Park Meadows North,President,,Democrat,Withdrawn,0
Summit,Park Meadows North,President,,Democrat,JOSEPH R. BIDEN,48
Summit,Park Meadows North,President,,Democrat,BERNIE SANDERS,18
Summit,Park Meadows North,President,,Democrat,TOM STEYER,0
Summit,Park Meadows North,President,,Democrat,ELIZABETH WARREN,17
Summit,Park Meadows North,President,,Democrat,MARIANNE WILLIAMSON,0
Summit,Park Meadows North,President,,Democrat,TULSI GABBARD,2
Summit,Park Meadows North,President,,Democrat,AMY KLOBUCHAR,14
Summit,Park Meadows North,President,,Republican,DEVAL PATRICK,0
Summit,Park Meadows North,President,,Republican,ROQUE DE LA FUENTE,0
Summit,Park Meadows North,President,,Republican,ROBERT ARDINI,3
Summit,Park Meadows North,President,,Republican,MATTHEW JOHN MATERN,1
Summit,Park Meadows North,President,,Republican,BOB ELY,0
Summit,Park Meadows North,President,,Republican,JOE WALSH,4
Summit,Park Meadows North,President,,Republican,BILL WELD,19
Summit,Park Meadows North,President,,Republican,Withdrawn,1
Summit,Park Meadows North,President,,Republican,DONALD J. TRUMP,109
Summit,Park Meadows South,President,,Democrat,JULIÁN CASTRO,0
Summit,Park Meadows South,President,,Democrat,ANDREW YANG,0
Summit,Park Meadows South,President,,Democrat,CORY BOOKER,0
Summit,Park Meadows South,President,,Democrat,PETE BUTTIGIEG,13
Summit,Park Meadows South,President,,Democrat,NATHAN BLOXHAM,0
Summit,Park Meadows South,President,,Democrat,MICHAEL R. BLOOMBERG,38
Summit,Park Meadows South,President,,Democrat,Withdrawn,0
Summit,Park Meadows South,President,,Democrat,JOSEPH R. BIDEN,27
Summit,Park Meadows South,President,,Democrat,BERNIE SANDERS,33
Summit,Park Meadows South,President,,Democrat,TOM STEYER,1
Summit,Park Meadows South,President,,Democrat,ELIZABETH WARREN,26
Summit,Park Meadows South,President,,Democrat,MARIANNE WILLIAMSON,1
Summit,Park Meadows South,President,,Democrat,TULSI GABBARD,0
Summit,Park Meadows South,President,,Democrat,AMY KLOBUCHAR,6
Summit,Park Meadows South,President,,Republican,DEVAL PATRICK,0
Summit,Park Meadows South,President,,Republican,ROQUE DE LA FUENTE,0
Summit,Park Meadows South,President,,Republican,ROBERT ARDINI,0
Summit,Park Meadows South,President,,Republican,MATTHEW JOHN MATERN,0
Summit,Park Meadows South,President,,Republican,BOB ELY,0
Summit,Park Meadows South,President,,Republican,JOE WALSH,3
Summit,Park Meadows South,President,,Republican,BILL WELD,9
Summit,Park Meadows South,President,,Republican,Withdrawn,2
Summit,Park Meadows South,President,,Republican,DONALD J. TRUMP,40
Summit,Promontory Ridge,President,,Democrat,JULIÁN CASTRO,0
Summit,Promontory Ridge,President,,Democrat,ANDREW YANG,0
Summit,Promontory Ridge,President,,Democrat,CORY BOOKER,1
Summit,Promontory Ridge,President,,Democrat,PETE BUTTIGIEG,2
Summit,Promontory Ridge,President,,Democrat,NATHAN BLOXHAM,0
Summit,Promontory Ridge,President,,Democrat,MICHAEL R. BLOOMBERG,5
Summit,Promontory Ridge,President,,Democrat,Withdrawn,0
Summit,Promontory Ridge,President,,Democrat,JOSEPH R. BIDEN,4
Summit,Promontory Ridge,President,,Democrat,BERNIE SANDERS,2
Summit,Promontory Ridge,President,,Democrat,TOM STEYER,0
Summit,Promontory Ridge,President,,Democrat,ELIZABETH WARREN,2
Summit,Promontory Ridge,President,,Democrat,MARIANNE WILLIAMSON,0
Summit,Promontory Ridge,President,,Democrat,TULSI GABBARD,0
Summit,Promontory Ridge,President,,Democrat,AMY KLOBUCHAR,5
Summit,Promontory Ridge,President,,Republican,DEVAL PATRICK,0
Summit,Promontory Ridge,President,,Republican,ROQUE DE LA FUENTE,0
Summit,Promontory Ridge,President,,Republican,ROBERT ARDINI,0
Summit,Promontory Ridge,President,,Republican,MATTHEW JOHN MATERN,0
Summit,Promontory Ridge,President,,Republican,BOB ELY,0
Summit,Promontory Ridge,President,,Republican,JOE WALSH,0
Summit,Promontory Ridge,President,,Republican,BILL WELD,2
Summit,Promontory Ridge,President,,Republican,Withdrawn,0
Summit,Promontory Ridge,President,,Republican,DONALD J. TRUMP,22
Summit,Prospector,President,,Democrat,JULIÁN CASTRO,0
Summit,Prospector,President,,Democrat,ANDREW YANG,1
Summit,Prospector,President,,Democrat,CORY BOOKER,0
Summit,Prospector,President,,Democrat,PETE BUTTIGIEG,9
Summit,Prospector,President,,Democrat,NATHAN BLOXHAM,0
Summit,Prospector,President,,Democrat,MICHAEL R. BLOOMBERG,21
Summit,Prospector,President,,Democrat,Withdrawn,0
Summit,Prospector,President,,Democrat,JOSEPH R. BIDEN,28
Summit,Prospector,President,,Democrat,BERNIE SANDERS,41
Summit,Prospector,President,,Democrat,TOM STEYER,0
Summit,Prospector,President,,Democrat,ELIZABETH WARREN,28
Summit,Prospector,President,,Democrat,MARIANNE WILLIAMSON,0
Summit,Prospector,President,,Democrat,TULSI GABBARD,0
Summit,Prospector,President,,Democrat,AMY KLOBUCHAR,0
Summit,Prospector,President,,Republican,DEVAL PATRICK,0
Summit,Prospector,President,,Republican,ROQUE DE LA FUENTE,0
Summit,Prospector,President,,Republican,ROBERT ARDINI,0
Summit,Prospector,President,,Republican,MATTHEW JOHN MATERN,0
Summit,Prospector,President,,Republican,BOB ELY,0
Summit,Prospector,President,,Republican,JOE WALSH,2
Summit,Prospector,President,,Republican,BILL WELD,4
Summit,Prospector,President,,Republican,Withdrawn,0
Summit,Prospector,President,,Republican,DONALD J. TRUMP,19
Summit,Quarry Mountain,President,,Democrat,JULIÁN CASTRO,0
Summit,Quarry Mountain,President,,Democrat,ANDREW YANG,0
Summit,Quarry Mountain,President,,Democrat,CORY BOOKER,0
Summit,Quarry Mountain,President,,Democrat,PETE BUTTIGIEG,35
Summit,Quarry Mountain,President,,Democrat,NATHAN BLOXHAM,0
Summit,Quarry Mountain,President,,Democrat,MICHAEL R. BLOOMBERG,81
Summit,Quarry Mountain,President,,Democrat,Withdrawn,0
Summit,Quarry Mountain,President,,Democrat,JOSEPH R. BIDEN,60
Summit,Quarry Mountain,President,,Democrat,BERNIE SANDERS,57
Summit,Quarry Mountain,President,,Democrat,TOM STEYER,0
Summit,Quarry Mountain,President,,Democrat,ELIZABETH WARREN,42
Summit,Quarry Mountain,President,,Democrat,MARIANNE WILLIAMSON,0
Summit,Quarry Mountain,President,,Democrat,TULSI GABBARD,0
Summit,Quarry Mountain,President,,Democrat,AMY KLOBUCHAR,11
Summit,Quarry Mountain,President,,Republican,DEVAL PATRICK,0
Summit,Quarry Mountain,President,,Republican,ROQUE DE LA FUENTE,0
Summit,Quarry Mountain,President,,Republican,ROBERT ARDINI,3
Summit,Quarry Mountain,President,,Republican,MATTHEW JOHN MATERN,0
Summit,Quarry Mountain,President,,Republican,BOB ELY,0
Summit,Quarry Mountain,President,,Republican,JOE WALSH,4
Summit,Quarry Mountain,President,,Republican,BILL WELD,16
Summit,Quarry Mountain,President,,Republican,Withdrawn,0
Summit,Quarry Mountain,President,,Republican,DONALD J. TRUMP,74
Summit,Ranch Road South,President,,Democrat,JULIÁN CASTRO,0
Summit,Ranch Road South,President,,Democrat,ANDREW YANG,1
Summit,Ranch Road South,President,,Democrat,CORY BOOKER,0
Summit,Ranch Road South,President,,Democrat,PETE BUTTIGIEG,8
Summit,Ranch Road South,President,,Democrat,NATHAN BLOXHAM,0
Summit,Ranch Road South,President,,Democrat,MICHAEL R. BLOOMBERG,34
Summit,Ranch Road South,President,,Democrat,Withdrawn,0
Summit,Ranch Road South,President,,Democrat,JOSEPH R. BIDEN,34
Summit,Ranch Road South,President,,Democrat,BERNIE SANDERS,25
Summit,Ranch Road South,President,,Democrat,TOM STEYER,1
Summit,Ranch Road South,President,,Democrat,ELIZABETH WARREN,17
Summit,Ranch Road South,President,,Democrat,MARIANNE WILLIAMSON,0
Summit,Ranch Road South,President,,Democrat,TULSI GABBARD,1
Summit,Ranch Road South,President,,Democrat,AMY KLOBUCHAR,4
Summit,Ranch Road South,President,,Republican,DEVAL PATRICK,0
Summit,Ranch Road South,President,,Republican,ROQUE DE LA FUENTE,1
Summit,Ranch Road South,President,,Republican,ROBERT ARDINI,0
Summit,Ranch Road South,President,,Republican,MATTHEW JOHN MATERN,0
Summit,Ranch Road South,President,,Republican,BOB ELY,0
Summit,Ranch Road South,President,,Republican,JOE WALSH,0
Summit,Ranch Road South,President,,Republican,BILL WELD,2
Summit,Ranch Road South,President,,Republican,Withdrawn,0
Summit,Ranch Road South,President,,Republican,DONALD J. TRUMP,51
Summit,Ranch Place,President,,Democrat,JULIÁN CASTRO,0
Summit,Ranch Place,President,,Democrat,ANDREW YANG,0
Summit,Ranch Place,President,,Democrat,CORY BOOKER,0
Summit,Ranch Place,President,,Democrat,PETE BUTTIGIEG,26
Summit,Ranch Place,President,,Democrat,NATHAN BLOXHAM,0
Summit,Ranch Place,President,,Democrat,MICHAEL R. BLOOMBERG,73
Summit,Ranch Place,President,,Democrat,Withdrawn,0
Summit,Ranch Place,President,,Democrat,JOSEPH R. BIDEN,77
Summit,Ranch Place,President,,Democrat,BERNIE SANDERS,58
Summit,Ranch Place,President,,Democrat,TOM STEYER,0
Summit,Ranch Place,President,,Democrat,ELIZABETH WARREN,42
Summit,Ranch Place,President,,Democrat,MARIANNE WILLIAMSON,0
Summit,Ranch Place,President,,Democrat,TULSI GABBARD,0
Summit,Ranch Place,President,,Democrat,AMY KLOBUCHAR,13
Summit,Ranch Place,President,,Republican,DEVAL PATRICK,0
Summit,Ranch Place,President,,Republican,ROQUE DE LA FUENTE,0
Summit,Ranch Place,President,,Republican,ROBERT ARDINI,2
Summit,Ranch Place,President,,Republican,MATTHEW JOHN MATERN,1
Summit,Ranch Place,President,,Republican,BOB ELY,0
Summit,Ranch Place,President,,Republican,JOE WALSH,7
Summit,Ranch Place,President,,Republican,BILL WELD,10
Summit,Ranch Place,President,,Republican,Withdrawn,3
Summit,Ranch Place,President,,Republican,DONALD J. TRUMP,49
Summit,Lower Silver Creek,President,,Democrat,JULIÁN CASTRO,0
Summit,Lower Silver Creek,President,,Democrat,ANDREW YANG,0
Summit,Lower Silver Creek,President,,Democrat,CORY BOOKER,0
Summit,Lower Silver Creek,President,,Democrat,PETE BUTTIGIEG,17
Summit,Lower Silver Creek,President,,Democrat,NATHAN BLOXHAM,0
Summit,Lower Silver Creek,President,,Democrat,MICHAEL R. BLOOMBERG,28
Summit,Lower Silver Creek,President,,Democrat,Withdrawn,0
Summit,Lower Silver Creek,President,,Democrat,JOSEPH R. BIDEN,35
Summit,Lower Silver Creek,President,,Democrat,BERNIE SANDERS,41
Summit,Lower Silver Creek,President,,Democrat,TOM STEYER,4
Summit,Lower Silver Creek,President,,Democrat,ELIZABETH WARREN,22
Summit,Lower Silver Creek,President,,Democrat,MARIANNE WILLIAMSON,0
Summit,Lower Silver Creek,President,,Democrat,TULSI GABBARD,0
Summit,Lower Silver Creek,President,,Democrat,AMY KLOBUCHAR,3
Summit,Lower Silver Creek,President,,Republican,DEVAL PATRICK,0
Summit,Lower Silver Creek,President,,Republican,ROQUE DE LA FUENTE,1
Summit,Lower Silver Creek,President,,Republican,ROBERT ARDINI,2
Summit,Lower Silver Creek,President,,Republican,MATTHEW JOHN MATERN,2
Summit,Lower Silver Creek,President,,Republican,BOB ELY,0
Summit,Lower Silver Creek,President,,Republican,JOE WALSH,0
Summit,Lower Silver Creek,President,,Republican,BILL WELD,3
Summit,Lower Silver Creek,President,,Republican,Withdrawn,0
Summit,Lower Silver Creek,President,,Republican,DONALD J. TRUMP,50
Summit,Upper Silver Creek,President,,Democrat,JULIÁN CASTRO,0
Summit,Upper Silver Creek,President,,Democrat,ANDREW YANG,0
Summit,Upper Silver Creek,President,,Democrat,CORY BOOKER,0
Summit,Upper Silver Creek,President,,Democrat,PETE BUTTIGIEG,8
Summit,Upper Silver Creek,President,,Democrat,NATHAN BLOXHAM,0
Summit,Upper Silver Creek,President,,Democrat,MICHAEL R. BLOOMBERG,24
Summit,Upper Silver Creek,President,,Democrat,Withdrawn,0
Summit,Upper Silver Creek,President,,Democrat,JOSEPH R. BIDEN,24
Summit,Upper Silver Creek,President,,Democrat,BERNIE SANDERS,15
Summit,Upper Silver Creek,President,,Democrat,TOM STEYER,0
Summit,Upper Silver Creek,President,,Democrat,ELIZABETH WARREN,12
Summit,Upper Silver Creek,President,,Democrat,MARIANNE WILLIAMSON,0
Summit,Upper Silver Creek,President,,Democrat,TULSI GABBARD,0
Summit,Upper Silver Creek,President,,Democrat,AMY KLOBUCHAR,3
Summit,Upper Silver Creek,President,,Republican,DEVAL PATRICK,0
Summit,Upper Silver Creek,President,,Republican,ROQUE DE LA FUENTE,0
Summit,Upper Silver Creek,President,,Republican,ROBERT ARDINI,0
Summit,Upper Silver Creek,President,,Republican,MATTHEW JOHN MATERN,2
Summit,Upper Silver Creek,President,,Republican,BOB ELY,1
Summit,Upper Silver Creek,President,,Republican,JOE WALSH,1
Summit,Upper Silver Creek,President,,Republican,BILL WELD,2
Summit,Upper Silver Creek,President,,Republican,Withdrawn,1
Summit,Upper Silver Creek,President,,Republican,DONALD J. TRUMP,60
Summit,Sidewinder,President,,Democrat,JULIÁN CASTRO,0
Summit,Sidewinder,President,,Democrat,ANDREW YANG,0
Summit,Sidewinder,President,,Democrat,CORY BOOKER,0
Summit,Sidewinder,President,,Democrat,PETE BUTTIGIEG,15
Summit,Sidewinder,President,,Democrat,NATHAN BLOXHAM,0
Summit,Sidewinder,President,,Democrat,MICHAEL R. BLOOMBERG,19
Summit,Sidewinder,President,,Democrat,Withdrawn,0
Summit,Sidewinder,President,,Democrat,JOSEPH R. BIDEN,21
Summit,Sidewinder,President,,Democrat,BERNIE SANDERS,54
Summit,Sidewinder,President,,Democrat,TOM STEYER,2
Summit,Sidewinder,President,,Democrat,ELIZABETH WARREN,24
Summit,Sidewinder,President,,Democrat,MARIANNE WILLIAMSON,0
Summit,Sidewinder,President,,Democrat,TULSI GABBARD,0
Summit,Sidewinder,President,,Democrat,AMY KLOBUCHAR,11
Summit,Sidewinder,President,,Republican,DEVAL PATRICK,0
Summit,Sidewinder,President,,Republican,ROQUE DE LA FUENTE,0
Summit,Sidewinder,President,,Republican,ROBERT ARDINI,2
Summit,Sidewinder,President,,Republican,MATTHEW JOHN MATERN,1
Summit,Sidewinder,President,,Republican,BOB ELY,0
Summit,Sidewinder,President,,Republican,JOE WALSH,0
Summit,Sidewinder,President,,Republican,BILL WELD,3
Summit,Sidewinder,President,,Republican,Withdrawn,0
Summit,Sidewinder,President,,Republican,DONALD J. TRUMP,11
Summit,Silver Springs,President,,Democrat,JULIÁN CASTRO,0
Summit,Silver Springs,President,,Democrat,ANDREW YANG,0
Summit,Silver Springs,President,,Democrat,CORY BOOKER,1
Summit,Silver Springs,President,,Democrat,PETE BUTTIGIEG,18
Summit,Silver Springs,President,,Democrat,NATHAN BLOXHAM,0
Summit,Silver Springs,President,,Democrat,MICHAEL R. BLOOMBERG,60
Summit,Silver Springs,President,,Democrat,Withdrawn,0
Summit,Silver Springs,President,,Democrat,JOSEPH R. BIDEN,64
Summit,Silver Springs,President,,Democrat,BERNIE SANDERS,57
Summit,Silver Springs,President,,Democrat,TOM STEYER,0
Summit,Silver Springs,President,,Democrat,ELIZABETH WARREN,31
Summit,Silver Springs,President,,Democrat,MARIANNE WILLIAMSON,0
Summit,Silver Springs,President,,Democrat,TULSI GABBARD,0
Summit,Silver Springs,President,,Democrat,AMY KLOBUCHAR,17
Summit,Silver Springs,President,,Republican,DEVAL PATRICK,1
Summit,Silver Springs,President,,Republican,ROQUE DE LA FUENTE,0
Summit,Silver Springs,President,,Republican,ROBERT ARDINI,4
Summit,Silver Springs,President,,Republican,MATTHEW JOHN MATERN,0
Summit,Silver Springs,President,,Republican,BOB ELY,0
Summit,Silver Springs,President,,Republican,JOE WALSH,4
Summit,Silver Springs,President,,Republican,BILL WELD,11
Summit,Silver Springs,President,,Republican,Withdrawn,0
Summit,Silver Springs,President,,Republican,DONALD J. TRUMP,79
Summit,Snyders Mill,President,,Democrat,JULIÁN CASTRO,0
Summit,Snyders Mill,President,,Democrat,ANDREW YANG,0
Summit,Snyders Mill,President,,Democrat,CORY BOOKER,0
Summit,Snyders Mill,President,,Democrat,PETE BUTTIGIEG,20
Summit,Snyders Mill,President,,Democrat,NATHAN BLOXHAM,0
Summit,Snyders Mill,President,,Democrat,MICHAEL R. BLOOMBERG,55
Summit,Snyders Mill,President,,Democrat,Withdrawn,0
Summit,Snyders Mill,President,,Democrat,JOSEPH R. BIDEN,44
Summit,Snyders Mill,President,,Democrat,BERNIE SANDERS,27
Summit,Snyders Mill,President,,Democrat,TOM STEYER,0
Summit,Snyders Mill,President,,Democrat,ELIZABETH WARREN,26
Summit,Snyders Mill,President,,Democrat,MARIANNE WILLIAMSON,0
Summit,Snyders Mill,President,,Democrat,TULSI GABBARD,1
Summit,Snyders Mill,President,,Democrat,AMY KLOBUCHAR,7
Summit,Snyders Mill,President,,Republican,DEVAL PATRICK,0
Summit,Snyders Mill,President,,Republican,ROQUE DE LA FUENTE,0
Summit,Snyders Mill,President,,Republican,ROBERT ARDINI,1
Summit,Snyders Mill,President,,Republican,MATTHEW JOHN MATERN,0
Summit,Snyders Mill,President,,Republican,BOB ELY,0
Summit,Snyders Mill,President,,Republican,JOE WALSH,2
Summit,Snyders Mill,President,,Republican,BILL WELD,11
Summit,Snyders Mill,President,,Republican,Withdrawn,1
Summit,Snyders Mill,President,,Republican,DONALD J. TRUMP,46
Summit,South Summit East,President,,Democrat,JULIÁN CASTRO,0
Summit,South Summit East,President,,Democrat,ANDREW YANG,1
Summit,South Summit East,President,,Democrat,CORY BOOKER,0
Summit,South Summit East,President,,Democrat,PETE BUTTIGIEG,5
Summit,South Summit East,President,,Democrat,NATHAN BLOXHAM,0
Summit,South Summit East,President,,Democrat,MICHAEL R. BLOOMBERG,18
Summit,South Summit East,President,,Democrat,Withdrawn,0
Summit,South Summit East,President,,Democrat,JOSEPH R. BIDEN,19
Summit,South Summit East,President,,Democrat,BERNIE SANDERS,28
Summit,South Summit East,President,,Democrat,TOM STEYER,0
Summit,South Summit East,President,,Democrat,ELIZABETH WARREN,18
Summit,South Summit East,President,,Democrat,MARIANNE WILLIAMSON,0
Summit,South Summit East,President,,Democrat,TULSI GABBARD,0
Summit,South Summit East,President,,Democrat,AMY KLOBUCHAR,1
Summit,South Summit East,President,,Republican,DEVAL PATRICK,0
Summit,South Summit East,President,,Republican,ROQUE DE LA FUENTE,0
Summit,South Summit East,President,,Republican,ROBERT ARDINI,1
Summit,South Summit East,President,,Republican,MATTHEW JOHN MATERN,2
Summit,South Summit East,President,,Republican,BOB ELY,0
Summit,South Summit East,President,,Republican,JOE WALSH,0
Summit,South Summit East,President,,Republican,BILL WELD,5
Summit,South Summit East,President,,Republican,Withdrawn,1
Summit,South Summit East,President,,Republican,DONALD J. TRUMP,84
Summit,South Summit South,President,,Democrat,JULIÁN CASTRO,0
Summit,South Summit South,President,,Democrat,ANDREW YANG,0
Summit,South Summit South,President,,Democrat,CORY BOOKER,0
Summit,South Summit South,President,,Democrat,PETE BUTTIGIEG,8
Summit,South Summit South,President,,Democrat,NATHAN BLOXHAM,0
Summit,South Summit South,President,,Democrat,MICHAEL R. BLOOMBERG,13
Summit,South Summit South,President,,Democrat,Withdrawn,0
Summit,South Summit South,President,,Democrat,JOSEPH R. BIDEN,9
Summit,South Summit South,President,,Democrat,BERNIE SANDERS,12
Summit,South Summit South,President,,Democrat,TOM STEYER,2
Summit,South Summit South,President,,Democrat,ELIZABETH WARREN,6
Summit,South Summit South,President,,Democrat,MARIANNE WILLIAMSON,0
Summit,South Summit South,President,,Democrat,TULSI GABBARD,0
Summit,South Summit South,President,,Democrat,AMY KLOBUCHAR,1
Summit,South Summit South,President,,Republican,DEVAL PATRICK,0
Summit,South Summit South,President,,Republican,ROQUE DE LA FUENTE,0
Summit,South Summit South,President,,Republican,ROBERT ARDINI,1
Summit,South Summit South,President,,Republican,MATTHEW JOHN MATERN,1
Summit,South Summit South,President,,Republican,BOB ELY,1
Summit,South Summit South,President,,Republican,JOE WALSH,1
Summit,South Summit South,President,,Republican,BILL WELD,5
Summit,South Summit South,President,,Republican,Withdrawn,1
Summit,South Summit South,President,,Republican,DONALD J. TRUMP,99
Summit,South Summit West,President,,Democrat,JULIÁN CASTRO,0
Summit,South Summit West,President,,Democrat,ANDREW YANG,1
Summit,South Summit West,President,,Democrat,CORY BOOKER,0
Summit,South Summit West,President,,Democrat,PETE BUTTIGIEG,7
Summit,South Summit West,President,,Democrat,NATHAN BLOXHAM,0
Summit,South Summit West,President,,Democrat,MICHAEL R. BLOOMBERG,11
Summit,South Summit West,President,,Democrat,Withdrawn,0
Summit,South Summit West,President,,Democrat,JOSEPH R. BIDEN,13
Summit,South Summit West,President,,Democrat,BERNIE SANDERS,15
Summit,South Summit West,President,,Democrat,TOM STEYER,0
Summit,South Summit West,President,,Democrat,ELIZABETH WARREN,5
Summit,South Summit West,President,,Democrat,MARIANNE WILLIAMSON,0
Summit,South Summit West,President,,Democrat,TULSI GABBARD,1
Summit,South Summit West,President,,Democrat,AMY KLOBUCHAR,3
Summit,South Summit West,President,,Republican,DEVAL PATRICK,0
Summit,South Summit West,President,,Republican,ROQUE DE LA FUENTE,0
Summit,South Summit West,President,,Republican,ROBERT ARDINI,1
Summit,South Summit West,President,,Republican,MATTHEW JOHN MATERN,2
Summit,South Summit West,President,,Republican,BOB ELY,0
Summit,South Summit West,President,,Republican,JOE WALSH,2
Summit,South Summit West,President,,Republican,BILL WELD,4
Summit,South Summit West,President,,Republican,Withdrawn,1
Summit,South Summit West,President,,Republican,DONALD J. TRUMP,95
Summit,Summit Park East,President,,Democrat,JULIÁN CASTRO,0
Summit,Summit Park East,President,,Democrat,ANDREW YANG,1
Summit,Summit Park East,President,,Democrat,CORY BOOKER,1
Summit,Summit Park East,President,,Democrat,PETE BUTTIGIEG,34
Summit,Summit Park East,President,,Democrat,NATHAN BLOXHAM,0
Summit,Summit Park East,President,,Democrat,MICHAEL R. BLOOMBERG,61
Summit,Summit Park East,President,,Democrat,Withdrawn,0
Summit,Summit Park East,President,,Democrat,JOSEPH R. BIDEN,77
Summit,Summit Park East,President,,Democrat,BERNIE SANDERS,112
Summit,Summit Park East,President,,Democrat,TOM STEYER,1
Summit,Summit Park East,President,,Democrat,ELIZABETH WARREN,54
Summit,Summit Park East,President,,Democrat,MARIANNE WILLIAMSON,0
Summit,Summit Park East,President,,Democrat,TULSI GABBARD,3
Summit,Summit Park East,President,,Democrat,AMY KLOBUCHAR,12
Summit,Summit Park East,President,,Republican,DEVAL PATRICK,0
Summit,Summit Park East,President,,Republican,ROQUE DE LA FUENTE,0
Summit,Summit Park East,President,,Republican,ROBERT ARDINI,2
Summit,Summit Park East,President,,Republican,MATTHEW JOHN MATERN,0
Summit,Summit Park East,President,,Republican,BOB ELY,0
Summit,Summit Park East,President,,Republican,JOE WALSH,4
Summit,Summit Park East,President,,Republican,BILL WELD,15
Summit,Summit Park East,President,,Republican,Withdrawn,1
Summit,Summit Park East,President,,Republican,DONALD J. TRUMP,49
Summit,Summit Park West,President,,Democrat,JULIÁN CASTRO,0
Summit,Summit Park West,President,,Democrat,ANDREW YANG,0
Summit,Summit Park West,President,,Democrat,CORY BOOKER,0
Summit,Summit Park West,President,,Democrat,PETE BUTTIGIEG,11
Summit,Summit Park West,President,,Democrat,NATHAN BLOXHAM,0
Summit,Summit Park West,President,,Democrat,MICHAEL R. BLOOMBERG,17
Summit,Summit Park West,President,,Democrat,Withdrawn,0
Summit,Summit Park West,President,,Democrat,JOSEPH R. BIDEN,27
Summit,Summit Park West,President,,Democrat,BERNIE SANDERS,40
Summit,Summit Park West,President,,Democrat,TOM STEYER,0
Summit,Summit Park West,President,,Democrat,ELIZABETH WARREN,17
Summit,Summit Park West,President,,Democrat,MARIANNE WILLIAMSON,0
Summit,Summit Park West,President,,Democrat,TULSI GABBARD,0
Summit,Summit Park West,President,,Democrat,AMY KLOBUCHAR,3
Summit,Summit Park West,President,,Republican,DEVAL PATRICK,0
Summit,Summit Park West,President,,Republican,ROQUE DE LA FUENTE,0
Summit,Summit Park West,President,,Republican,ROBERT ARDINI,0
Summit,Summit Park West,President,,Republican,MATTHEW JOHN MATERN,0
Summit,Summit Park West,President,,Republican,BOB ELY,0
Summit,Summit Park West,President,,Republican,JOE WALSH,1
Summit,Summit Park West,President,,Republican,BILL WELD,1
Summit,Summit Park West,President,,Republican,Withdrawn,0
Summit,Summit Park West,President,,Republican,DONALD J. TRUMP,23
Summit,Thaynes Canyon,President,,Democrat,JULIÁN CASTRO,0
Summit,Thaynes Canyon,President,,Democrat,ANDREW YANG,0
Summit,Thaynes Canyon,President,,Democrat,CORY BOOKER,0
Summit,Thaynes Canyon,President,,Democrat,PETE BUTTIGIEG,12
Summit,Thaynes Canyon,President,,Democrat,NATHAN BLOXHAM,0
Summit,Thaynes Canyon,President,,Democrat,MICHAEL R. BLOOMBERG,44
Summit,Thaynes Canyon,President,,Democrat,Withdrawn,0
Summit,Thaynes Canyon,President,,Democrat,JOSEPH R. BIDEN,52
Summit,Thaynes Canyon,President,,Democrat,BERNIE SANDERS,27
Summit,Thaynes Canyon,President,,Democrat,TOM STEYER,1
Summit,Thaynes Canyon,President,,Democrat,ELIZABETH WARREN,11
Summit,Thaynes Canyon,President,,Democrat,MARIANNE WILLIAMSON,0
Summit,Thaynes Canyon,President,,Democrat,TULSI GABBARD,1
Summit,Thaynes Canyon,President,,Democrat,AMY KLOBUCHAR,12
Summit,Thaynes Canyon,President,,Republican,DEVAL PATRICK,0
Summit,Thaynes Canyon,President,,Republican,ROQUE DE LA FUENTE,0
Summit,Thaynes Canyon,President,,Republican,ROBERT ARDINI,0
Summit,Thaynes Canyon,President,,Republican,MATTHEW JOHN MATERN,1
Summit,Thaynes Canyon,President,,Republican,BOB ELY,1
Summit,Thaynes Canyon,President,,Republican,JOE WALSH,4
Summit,Thaynes Canyon,President,,Republican,BILL WELD,5
Summit,Thaynes Canyon,President,,Republican,Withdrawn,2
Summit,Thaynes Canyon,President,,Republican,DONALD J. TRUMP,39
Summit,Upper Pinebrook,President,,Democrat,JULIÁN CASTRO,0
Summit,Upper Pinebrook,President,,Democrat,ANDREW YANG,0
Summit,Upper Pinebrook,President,,Democrat,CORY BOOKER,0
Summit,Upper Pinebrook,President,,Democrat,PETE BUTTIGIEG,16
Summit,Upper Pinebrook,President,,Democrat,NATHAN BLOXHAM,0
Summit,Upper Pinebrook,President,,Democrat,MICHAEL R. BLOOMBERG,35
Summit,Upper Pinebrook,President,,Democrat,Withdrawn,0
Summit,Upper Pinebrook,President,,Democrat,JOSEPH R. BIDEN,28
Summit,Upper Pinebrook,President,,Democrat,BERNIE SANDERS,22
Summit,Upper Pinebrook,President,,Democrat,TOM STEYER,0
Summit,Upper Pinebrook,President,,Democrat,ELIZABETH WARREN,10
Summit,Upper Pinebrook,President,,Democrat,MARIANNE WILLIAMSON,0
Summit,Upper Pinebrook,President,,Democrat,TULSI GABBARD,0
Summit,Upper Pinebrook,President,,Democrat,AMY KLOBUCHAR,4
Summit,Upper Pinebrook,President,,Republican,DEVAL PATRICK,0
Summit,Upper Pinebrook,President,,Republican,ROQUE DE LA FUENTE,0
Summit,Upper Pinebrook,President,,Republican,ROBERT ARDINI,0
Summit,Upper Pinebrook,President,,Republican,MATTHEW JOHN MATERN,0
Summit,Upper Pinebrook,President,,Republican,BOB ELY,0
Summit,Upper Pinebrook,President,,Republican,JOE WALSH,3
Summit,Upper Pinebrook,President,,Republican,BILL WELD,9
Summit,Upper Pinebrook,President,,Republican,Withdrawn,0
Summit,Upper Pinebrook,President,,Republican,DONALD J. TRUMP,46
Summit,Wagon Wheel,President,,Democrat,JULIÁN CASTRO,0
Summit,Wagon Wheel,President,,Democrat,ANDREW YANG,1
Summit,Wagon Wheel,President,,Democrat,CORY BOOKER,0
Summit,Wagon Wheel,President,,Democrat,PETE BUTTIGIEG,15
Summit,Wagon Wheel,President,,Democrat,NATHAN BLOXHAM,0
Summit,Wagon Wheel,President,,Democrat,MICHAEL R. BLOOMBERG,26
Summit,Wagon Wheel,President,,Democrat,Withdrawn,0
Summit,Wagon Wheel,President,,Democrat,JOSEPH R. BIDEN,26
Summit,Wagon Wheel,President,,Democrat,BERNIE SANDERS,24
Summit,Wagon Wheel,President,,Democrat,TOM STEYER,0
Summit,Wagon Wheel,President,,Democrat,ELIZABETH WARREN,11
Summit,Wagon Wheel,President,,Democrat,MARIANNE WILLIAMSON,0
Summit,Wagon Wheel,President,,Democrat,TULSI GABBARD,0
Summit,Wagon Wheel,President,,Democrat,AMY KLOBUCHAR,6
Summit,Wagon Wheel,President,,Republican,DEVAL PATRICK,0
Summit,Wagon Wheel,President,,Republican,ROQUE DE LA FUENTE,0
Summit,Wagon Wheel,President,,Republican,ROBERT ARDINI,0
Summit,Wagon Wheel,President,,Republican,MATTHEW JOHN MATERN,0
Summit,Wagon Wheel,President,,Republican,BOB ELY,0
Summit,Wagon Wheel,President,,Republican,JOE WALSH,3
Summit,Wagon Wheel,President,,Republican,BILL WELD,3
Summit,Wagon Wheel,President,,Republican,Withdrawn,0
Summit,Wagon Wheel,President,,Republican,DONALD J. TRUMP,31
Summit,Wanship 17:10,President,,Democrat,JULIÁN CASTRO,0
Summit,Wanship 17:10,President,,Democrat,ANDREW YANG,0
Summit,Wanship 17:10,President,,Democrat,CORY BOOKER,0
Summit,Wanship 17:10,President,,Democrat,PETE BUTTIGIEG,10
Summit,Wanship 17:10,President,,Democrat,NATHAN BLOXHAM,0
Summit,Wanship 17:10,President,,Democrat,MICHAEL R. BLOOMBERG,12
Summit,Wanship 17:10,President,,Democrat,Withdrawn,0
Summit,Wanship 17:10,President,,Democrat,JOSEPH R. BIDEN,19
Summit,Wanship 17:10,President,,Democrat,BERNIE SANDERS,23
Summit,Wanship 17:10,President,,Democrat,TOM STEYER,0
Summit,Wanship 17:10,President,,Democrat,ELIZABETH WARREN,13
Summit,Wanship 17:10,President,,Democrat,MARIANNE WILLIAMSON,0
Summit,Wanship 17:10,President,,Democrat,TULSI GABBARD,5
Summit,Wanship 17:10,President,,Democrat,AMY KLOBUCHAR,2
Summit,Wanship 17:10,President,,Republican,DEVAL PATRICK,0
Summit,Wanship 17:10,President,,Republican,ROQUE DE LA FUENTE,0
Summit,Wanship 17:10,President,,Republican,ROBERT ARDINI,0
Summit,Wanship 17:10,President,,Republican,MATTHEW JOHN MATERN,3
Summit,Wanship 17:10,President,,Republican,BOB ELY,1
Summit,Wanship 17:10,President,,Republican,JOE WALSH,3
Summit,Wanship 17:10,President,,Republican,BILL WELD,5
Summit,Wanship 17:10,President,,Republican,Withdrawn,0
Summit,Wanship 17:10,President,,Republican,DONALD J. TRUMP,130
Summit,Wanship 17:2,President,,Democrat,JULIÁN CASTRO,0
Summit,Wanship 17:2,President,,Democrat,ANDREW YANG,0
Summit,Wanship 17:2,President,,Democrat,CORY BOOKER,0
Summit,Wanship 17:2,President,,Democrat,PETE BUTTIGIEG,9
Summit,Wanship 17:2,President,,Democrat,NATHAN BLOXHAM,0
Summit,Wanship 17:2,President,,Democrat,MICHAEL R. BLOOMBERG,13
Summit,Wanship 17:2,President,,Democrat,Withdrawn,0
Summit,Wanship 17:2,President,,Democrat,JOSEPH R. BIDEN,11
Summit,Wanship 17:2,President,,Democrat,BERNIE SANDERS,34
Summit,Wanship 17:2,President,,Democrat,TOM STEYER,0
Summit,Wanship 17:2,President,,Democrat,ELIZABETH WARREN,10
Summit,Wanship 17:2,President,,Democrat,MARIANNE WILLIAMSON,1
Summit,Wanship 17:2,President,,Democrat,TULSI GABBARD,1
Summit,Wanship 17:2,President,,Democrat,AMY KLOBUCHAR,5
Summit,Wanship 17:2,President,,Republican,DEVAL PATRICK,0
Summit,Wanship 17:2,President,,Republican,ROQUE DE LA FUENTE,0
Summit,Wanship 17:2,President,,Republican,ROBERT ARDINI,1
Summit,Wanship 17:2,President,,Republican,MATTHEW JOHN MATERN,0
Summit,Wanship 17:2,President,,Republican,BOB ELY,0
Summit,Wanship 17:2,President,,Republican,JOE WALSH,2
Summit,Wanship 17:2,President,,Republican,BILL WELD,2
Summit,Wanship 17:2,President,,Republican,Withdrawn,1
Summit,Wanship 17:2,President,,Republican,DONALD J. TRUMP,22
Summit,Wanship 17:32,President,,Democrat,JULIÁN CASTRO,0
Summit,Wanship 17:32,President,,Democrat,ANDREW YANG,0
Summit,Wanship 17:32,President,,Democrat,CORY BOOKER,0
Summit,Wanship 17:32,President,,Democrat,PETE BUTTIGIEG,2
Summit,Wanship 17:32,President,,Democrat,NATHAN BLOXHAM,0
Summit,Wanship 17:32,President,,Democrat,MICHAEL R. BLOOMBERG,3
Summit,Wanship 17:32,President,,Democrat,Withdrawn,0
Summit,Wanship 17:32,President,,Democrat,JOSEPH R. BIDEN,4
Summit,Wanship 17:32,President,,Democrat,BERNIE SANDERS,0
Summit,Wanship 17:32,President,,Democrat,TOM STEYER,0
Summit,Wanship 17:32,President,,Democrat,ELIZABETH WARREN,4
Summit,Wanship 17:32,President,,Democrat,MARIANNE WILLIAMSON,0
Summit,Wanship 17:32,President,,Democrat,TULSI GABBARD,0
Summit,Wanship 17:32,President,,Democrat,AMY KLOBUCHAR,1
Summit,Wanship 17:32,President,,Republican,DEVAL PATRICK,0
Summit,Wanship 17:32,President,,Republican,ROQUE DE LA FUENTE,0
Summit,Wanship 17:32,President,,Republican,ROBERT ARDINI,0
Summit,Wanship 17:32,President,,Republican,MATTHEW JOHN MATERN,0
Summit,Wanship 17:32,President,,Republican,BOB ELY,0
Summit,Wanship 17:32,President,,Republican,JOE WALSH,0
Summit,Wanship 17:32,President,,Republican,BILL WELD,1
Summit,Wanship 17:32,President,,Republican,Withdrawn,0
Summit,Wanship 17:32,President,,Republican,DONALD J. TRUMP,8
Summit,Weber Canyon 21:20,President,,Democrat,JULIÁN CASTRO,0
Summit,Weber Canyon 21:20,President,,Democrat,ANDREW YANG,0
Summit,Weber Canyon 21:20,President,,Democrat,CORY BOOKER,0
Summit,Weber Canyon 21:20,President,,Democrat,PETE BUTTIGIEG,3
Summit,Weber Canyon 21:20,President,,Democrat,NATHAN BLOXHAM,0
Summit,Weber Canyon 21:20,President,,Democrat,MICHAEL R. BLOOMBERG,6
Summit,Weber Canyon 21:20,President,,Democrat,Withdrawn,0
Summit,Weber Canyon 21:20,President,,Democrat,JOSEPH R. BIDEN,1
Summit,Weber Canyon 21:20,President,,Democrat,BERNIE SANDERS,13
Summit,Weber Canyon 21:20,President,,Democrat,TOM STEYER,0
Summit,Weber Canyon 21:20,President,,Democrat,ELIZABETH WARREN,6
Summit,Weber Canyon 21:20,President,,Democrat,MARIANNE WILLIAMSON,0
Summit,Weber Canyon 21:20,President,,Democrat,TULSI GABBARD,0
Summit,Weber Canyon 21:20,President,,Democrat,AMY KLOBUCHAR,1
Summit,Weber Canyon 21:20,President,,Republican,DEVAL PATRICK,0
Summit,Weber Canyon 21:20,President,,Republican,ROQUE DE LA FUENTE,0
Summit,Weber Canyon 21:20,President,,Republican,ROBERT ARDINI,0
Summit,Weber Canyon 21:20,President,,Republican,MATTHEW JOHN MATERN,0
Summit,Weber Canyon 21:20,President,,Republican,BOB ELY,0
Summit,Weber Canyon 21:20,President,,Republican,JOE WALSH,0
Summit,Weber Canyon 21:20,President,,Republican,BILL WELD,4
Summit,Weber Canyon 21:20,President,,Republican,Withdrawn,0
Summit,Weber Canyon 21:20,President,,Republican,DONALD J. TRUMP,47
Summit,Weber Canyon 21:25,President,,Democrat,JULIÁN CASTRO,0
Summit,Weber Canyon 21:25,President,,Democrat,ANDREW YANG,0
Summit,Weber Canyon 21:25,President,,Democrat,CORY BOOKER,0
Summit,Weber Canyon 21:25,President,,Democrat,PETE BUTTIGIEG,0
Summit,Weber Canyon 21:25,President,,Democrat,NATHAN BLOXHAM,0
Summit,Weber Canyon 21:25,President,,Democrat,MICHAEL R. BLOOMBERG,2
Summit,Weber Canyon 21:25,President,,Democrat,Withdrawn,0
Summit,Weber Canyon 21:25,President,,Democrat,JOSEPH R. BIDEN,1
Summit,Weber Canyon 21:25,President,,Democrat,BERNIE SANDERS,0
Summit,Weber Canyon 21:25,President,,Democrat,TOM STEYER,0
Summit,Weber Canyon 21:25,President,,Democrat,ELIZABETH WARREN,0
Summit,Weber Canyon 21:25,President,,Democrat,MARIANNE WILLIAMSON,0
Summit,Weber Canyon 21:25,President,,Democrat,TULSI GABBARD,0
Summit,Weber Canyon 21:25,President,,Democrat,AMY KLOBUCHAR,0
Summit,Weber Canyon 21:25,President,,Republican,DEVAL PATRICK,0
Summit,Weber Canyon 21:25,President,,Republican,ROQUE DE LA FUENTE,0
Summit,Weber Canyon 21:25,President,,Republican,ROBERT ARDINI,0
Summit,Weber Canyon 21:25,President,,Republican,MATTHEW JOHN MATERN,0
Summit,Weber Canyon 21:25,President,,Republican,BOB ELY,0
Summit,Weber Canyon 21:25,President,,Republican,JOE WALSH,0
Summit,Weber Canyon 21:25,President,,Republican,BILL WELD,0
Summit,Weber Canyon 21:25,President,,Republican,Withdrawn,0
Summit,Weber Canyon 21:25,President,,Republican,DONALD J. TRUMP,4
